Year,Product,Revenue,Planned revenue,Product cost,Quantity,Unit cost,Unit price,Gross profit,Unit sale price,Gross profit yoy%
2004,Aloe Relief,435058.1500000001,437086.79,160460.15999999997,83573.0,119.04000000000009,324.26000000000005,274597.98999999993,323.48905004999995,
2004,Astro Pilot,0.0,0.0,0.0,0.0,0.0,0.0,0.0,0.0,
2004,Auto Pilot,0.0,0.0,0.0,0.0,0.0,0.0,0.0,0.0,
2004,Bear Edge,3178190.3199999994,3314495.4799999995,1924730.47,81799.0,1411.7999999999988,2431.1999999999994,1253459.8500000006,2332.9172865500022,
2004,Bear Survival Edge,2575516.19,2759563.2900000005,1345545.0,29901.0,2655.0,5445.109999999999,1229971.1900000002,5100.99129473,
2004,Bella,3197060.0,3197060.0,1710370.8299999998,48428.0,1302.91391785,2436.83752683,1486689.17,2436.83752683,
2004,Blue Steel Max Putter,10216647.830000002,10985374.71,5583000.599999999,60817.0,5416.200000000005,10657.169999999993,4633647.230000001,9911.40999999999,
2004,Blue Steel Putter,5468687.34,6518981.25,2719818.000000001,66015.0,2307.2000000000003,5530.0,2748869.3400000003,4876.662535640003,
2004,BugShield Extreme,8585842.299999999,9227428.0,3190053.6799999997,1318204.0,154.87999999999994,448.0,5395788.620000001,417.4414999999997,
2004,BugShield Lotion,2531064.479999999,2656780.0,884328.1999999998,379540.0,146.79000000000002,441.0,1646736.2800000005,423.4986490100003,
2004,BugShield Lotion Lite,1276653.7,1315853.0,353400.52000000014,187979.0,99.63999999999994,371.0,923253.1799999998,362.20993957000013,
2004,BugShield Natural,3451157.5799999996,3660276.0,1134685.56,610046.0,115.31999999999998,372.0,2316472.0199999996,352.3853859199999,
2004,BugShield Spray,2119609.0699999994,2216602.19,674938.7700000006,368819.0,113.45999999999991,372.61999999999966,1444670.2999999998,358.4517049299999,
2004,Calamine Relief,395937.89999999997,396324.0,186932.82000000007,66054.0,181.12000000000018,384.0,209005.07999999993,383.58375,
2004,Canyon Mule Carryall,6772031.609999999,7280983.5,4079331.98,99061.0,2553.159999999999,4557.0,2692699.6300000004,4239.085000000002,
2004,Canyon Mule Climber Backpack,8527908.649999999,9225121.499999996,6301312.5,120025.0,3412.5,4995.899999999999,2226596.1500000004,4619.865499999999,
2004,Canyon Mule Cooler,5648366.7700000005,5880802.84,2801216.0,175076.0,960.0,2015.3999999999983,2847150.7700000005,1940.3175524099993,
2004,Canyon Mule Extreme Backpack,12748303.02,13706917.280000001,7110024.320000001,29764.0,15049.43999999998,29012.760000000024,5638278.700000001,26993.41999999998,
2004,Canyon Mule Journey Backpack,19382087.95999999,21220609.2,12206742.599999996,57220.0,13653.119999999997,23735.04000000002,7175345.359999998,21759.49471520001,
2004,Canyon Mule Weekender Backpack,17217591.159999996,18513378.729999997,10792401.62,64757.0,10332.919999999995,17725.179999999986,6425189.539999999,16484.55999999998,
2004,Capri,8683322.549999997,8683322.549999997,5619885.799999999,230370.0,1020.3072564600001,1579.73119879,3063436.7500000005,1579.73119879,
2004,Cat Eye,20788254.750000004,20788254.750000004,13767127.450000001,692329.0,965.0396440600002,1465.2751857400003,7021127.3,1465.2751857400003,
2004,Compact Relief Kit,2224800.5800000005,2298689.0,909481.3000000002,99943.0,546.0000000000006,1380.0,1315319.2800000003,1337.1258575499985,
2004,Course Pro Gloves,1791149.1799999997,2159114.5799999996,538266.66,201598.0,154.85999999999993,621.1800000000001,1252882.5200000003,563.3997508299999,
2004,Course Pro Golf Bag,4566285.91,5030084.100000001,1828078.9000000008,22937.0,4861.699999999994,13377.299999999988,2738207.0100000007,12168.100218800004,
2004,Course Pro Golf and Tee Set,1852202.4999999993,1973837.04,519430.8,185511.0,173.6000000000001,659.6799999999994,1332771.7000000002,507.53976948999997,
2004,Course Pro Putter,13734042.650000002,16873844.399999995,7311248.3500000015,219540.0,1802.131133150001,4073.580000000002,6422794.300000001,3522.7637856600004,
2004,Course Pro Umbrella,2445763.509999999,2603824.65,1219590.0,203265.0,354.0,755.7899999999989,1226173.5099999998,589.9015458499999,
2004,Dante,19066430.849999998,19066430.849999998,11915246.870000001,446413.0,1198.1108642299998,1918.2786593600001,7151183.979999999,1918.2786593600001,
2004,Deluxe Family Relief Kit,3233933.5000000005,3424505.0,2352145.7199999997,97843.0,1250.079999999999,1820.0,881787.7800000003,1717.034376849999,
2004,Double Edge,2991964.33,3118485.7600000007,2142084.87,187409.0,662.9399999999996,965.1199999999993,849879.4600000001,928.8418455900003,
2004,Edge Extreme,9076885.260000002,9760240.739999998,6523680.0,81546.0,4880.0,7301.089999999991,2553205.2600000002,6789.910000000008,
2004,EverGlow Butane,1683295.8699999996,1804530.39,1082505.0899999999,26643.0,2600.3200000000043,4334.719999999999,600790.7800000003,4059.808978909997,
2004,EverGlow Double,579888.23,587209.0000000001,323725.0,11260.0,1811.25,3285.4500000000035,256163.23000000004,3259.575571430003,
2004,EverGlow Kerosene,2285366.15,2509707.85,1590940.0,79547.0,1080.0,1703.6999999999985,694426.1500000003,1589.7195040899996,
2004,EverGlow Lamp,5304565.989999998,5851613.340000002,3507199.5799999996,210414.0,1052.1245602900005,1696.4099999999978,1797366.4100000004,1581.9904960899999,
2004,EverGlow Single,4237448.4,4588023.8,2372889.1,131462.0,1155.1999999999987,2233.6000000000026,1864559.3000000005,2090.906747250001,
2004,Fairway,13878050.549999999,13878050.549999999,8140837.840000001,688737.0,507.7498436999999,866.4499999999994,5737212.710000001,866.4499999999994,
2004,Firefly 2,3183096.0399999986,3624089.0700000017,2113466.3699999996,132411.0,990.9846258699994,1669.5699999999974,1069629.6699999995,1527.440046959999,
2004,Firefly 4,1812359.5999999996,1946690.5600000003,1160884.8,66124.0,1110.7848426,1854.7200000000025,651474.7999999997,1743.367150419999,
2004,Firefly Charger,0.0,0.0,0.0,0.0,0.0,0.0,0.0,0.0,
2004,Firefly Climbing Lamp,0.0,0.0,0.0,0.0,0.0,0.0,0.0,0.0,
2004,Firefly Extreme,1932015.2199999997,2008403.0400000003,1102191.52,39196.0,1715.3199999999974,3125.6399999999953,829823.7000000003,3013.9071983100016,
2004,Firefly Lite,1781675.7100000007,1846870.3399999999,844033.5,125042.0,425.25,930.5099999999993,937642.2100000002,899.6469190300004,
2004,Firefly Mapreader,2565907.2499999995,2855669.5800000005,1314765.0,175302.0,472.5,1026.269999999999,1251142.25,803.0678064199996,
2004,Firefly Multi-light,1589667.0500000003,1648903.6600000006,1104653.6199999996,62129.0,1066.7999999999988,1592.3999999999987,485013.43,1537.8119476600002,
2004,Firefly Rechargeable Battery,0.0,0.0,0.0,0.0,0.0,0.0,0.0,0.0,
2004,Flicker Lantern,1707618.6800000002,1777203.2299999995,791106.1399999999,50647.0,1062.1599999999999,2386.12,916512.5399999999,2300.9894444500014,
2004,Glacier Basic,7275390.92,7935941.5200000005,4850820.0,242541.0,1360.0,2224.9600000000005,2424570.9200000004,2079.6435256300015,
2004,Glacier Deluxe,3399863.8000000003,3652954.32,2129879.94,37878.0,3879.870000000001,6654.3599999999915,1269983.86,6207.763214289995,
2004,Glacier GPS,9218915.2,9912711.6,6670466.000000001,84920.0,5341.400000000007,7937.639999999986,2548449.199999999,7382.080000000011,
2004,Glacier GPS Extreme,10955700.070000002,11780136.399999995,5780980.73,32759.0,11117.609999999993,22654.799999999985,5174719.340000001,21069.80800000001,
2004,Granite Axe,0.0,0.0,0.0,0.0,0.0,0.0,0.0,0.0,
2004,Granite Belay,0.0,0.0,0.0,0.0,0.0,0.0,0.0,0.0,
2004,Granite Carabiner,0.0,0.0,0.0,0.0,0.0,0.0,0.0,0.0,
2004,Granite Chalk Bag,0.0,0.0,0.0,0.0,0.0,0.0,0.0,0.0,
2004,Granite Climbing Helmet,0.0,0.0,0.0,0.0,0.0,0.0,0.0,0.0,
2004,Granite Extreme,0.0,0.0,0.0,0.0,0.0,0.0,0.0,0.0,
2004,Granite Grip,0.0,0.0,0.0,0.0,0.0,0.0,0.0,0.0,
2004,Granite Hammer,0.0,0.0,0.0,0.0,0.0,0.0,0.0,0.0,
2004,Granite Ice,0.0,0.0,0.0,0.0,0.0,0.0,0.0,0.0,
2004,Granite Pulley,0.0,0.0,0.0,0.0,0.0,0.0,0.0,0.0,
2004,Granite Shovel,0.0,0.0,0.0,0.0,0.0,0.0,0.0,0.0,
2004,Granite Signal Mirror,0.0,0.0,0.0,0.0,0.0,0.0,0.0,0.0,
2004,Hailstorm Steel Irons,12601477.21,14462346.75,7011226.379999999,22947.0,17415.780000000024,35924.25,5590250.829999999,32417.972992000006,
2004,Hailstorm Steel Woods Set,13777300.590000005,15662288.1,7229173.6499999985,13485.0,31093.220000000005,67364.67999999996,6548126.9399999995,60249.55960390004,
2004,Hailstorm Titanium Irons,19479120.55999999,20942065.619999997,11072886.299999997,22554.0,27493.200000000026,51997.679999999964,8406234.259999998,48389.26199999996,
2004,Hailstorm Titanium Woods Set,21849125.16,23488287.320000008,12750510.0,18479.0,35880.0,66096.16000000006,9098615.16,61505.15563599995,
2004,Hawk Eye,4953069.0,4953069.0,2889417.539999999,122298.0,1017.0044486399999,1741.5,2063651.4600000002,1741.5,
2004,Hibernator,15677290.730000002,17533557.619999997,10269604.0,119414.0,5504.0,9397.119999999997,5407686.729999999,8564.861539400004,
2004,Hibernator Camp Cot,6463495.32,7118013.44,4445352.0,68128.0,4176.0,6686.719999999989,2018143.3199999998,6110.622013240004,
2004,Hibernator Extreme,16812564.140000004,18078040.62,10227450.0,68183.0,9600.0,16968.959999999985,6585114.139999998,15781.119999999997,
2004,Hibernator Lite,11619113.079999996,12494221.740000002,8321160.0,138686.0,4020.0,6036.030000000005,3297953.0800000015,5613.259999999999,
2004,Hibernator Pad,3544954.0799999996,3996016.9499999997,1832937.63,98303.0,1080.9610995599996,2317.0500000000025,1712016.45,2157.45592927,
2004,Hibernator Pillow,1428293.8200000003,1574556.4999999993,802890.0,89210.0,486.0,953.0999999999992,625403.8200000003,889.7552050400001,
2004,Hibernator Self - Inflating Mat,9693751.790000001,11020945.649999999,5975055.0,86595.0,4485.0,8272.550000000014,3718696.789999999,7473.880376799992,
2004,Husky Harness,0.0,0.0,0.0,0.0,0.0,0.0,0.0,0.0,
2004,Husky Harness Extreme,0.0,0.0,0.0,0.0,0.0,0.0,0.0,0.0,
2004,Husky Rope 100,0.0,0.0,0.0,0.0,0.0,0.0,0.0,0.0,
2004,Husky Rope 200,0.0,0.0,0.0,0.0,0.0,0.0,0.0,0.0,
2004,Husky Rope 50,0.0,0.0,0.0,0.0,0.0,0.0,0.0,0.0,
2004,Husky Rope 60,0.0,0.0,0.0,0.0,0.0,0.0,0.0,0.0,
2004,Inferno,15051140.0,15051140.0,8929802.9,231556.0,1733.0287475899993,2925.0,6121337.099999999,2925.0,
2004,Infinity,7665240.0,7665240.0,4214848.4399999995,33285.0,5284.640943100001,9506.846105,3450391.56,9506.846105,
2004,Insect Bite Relief,613019.9399999998,621390.0,285839.3999999999,103565.0,160.07999999999998,348.0,327180.5400000001,345.83749912999997,
2004,Kodiak,12418669.299999997,12418669.299999997,6763196.5200000005,102425.0,2902.5214271000004,5323.072393500002,5655472.780000002,5323.072393500002,
2004,Lady Hailstorm Steel Irons,8405697.139999999,9033309.0,4709698.559999998,16956.0,15276.80000000001,29301.25,3695998.5799999996,27298.92339679997,
2004,Lady Hailstorm Steel Woods Set,9405092.1,10098261.34,5235503.14,11087.0,25972.100000000017,50095.09999999999,4169588.959999999,46733.8248072,
2004,Lady Hailstorm Titanium Irons,13607016.330000002,14626157.04,7567920.0,16452.0,26220.0,50674.13999999995,6039096.329999997,47185.704000000034,
2004,Lady Hailstorm Titanium Woods Set,14354242.969999999,15417865.08000001,7491110.350000001,11339.0,36335.75000000004,74784.60000000003,6863132.619999998,69725.62267900001,
2004,Legend,26054720.0,26115920.0,14528135.299999997,105375.0,6474.628603499999,11642.3961722,11526584.700000001,11640.3661322,
2004,Lux,5877886.400000001,5877886.400000001,3034568.459999999,35754.0,3327.51826101,6433.645770600001,2843317.939999999,6433.645770600001,
2004,Max Gizmo,3640154.3999999994,3640154.3999999994,1682728.26,95292.0,688.73306081,1489.800000000001,1957426.1400000001,1489.800000000001,
2004,Maximus,14690465.0,14825495.0,7324654.009999999,185037.0,1738.4697362400002,3523.72651296,7365810.990000001,3507.91538583,
2004,Mountain Man Analog,1762723.7899999996,1832169.040000001,1124490.0,37483.0,1890.0,3079.4400000000046,638233.79,2971.3161262500003,
2004,Mountain Man Combination,1446637.3099999996,1522585.3500000003,699075.0,15535.0,2970.0,6468.66000000001,747562.3100000002,6190.728734839999,
2004,Mountain Man Deluxe,2634537.770000001,2830274.3000000007,1353534.0,34706.0,2496.0,5219.200000000006,1281003.7700000003,4868.252079360003,
2004,Mountain Man Digital,1163365.2799999998,1205275.26,579320.0,28966.0,1280.0,2663.0399999999995,584045.28,2578.4134128000005,
2004,Mountain Man Extreme,2490311.3800000004,2651480.659999999,1046523.3300000001,9007.0,7900.919999999988,20017.839999999993,1443788.0500000007,18905.9071561,
2004,Opera Vision,2845590.0,2845590.0,1305084.7100000002,25869.0,1867.0574368099994,4070.0,1540505.2899999998,4070.0,
2004,Pocket Gizmo,3470753.6,3470753.6,1355473.21,284488.0,180.91749949999996,463.59999999999974,2115280.39,463.59999999999974,
2004,Polar Extreme,1084280.2499999995,1138647.4000000006,556655.0,7678.0,4422.5,9046.300000000003,527625.2500000001,8671.375188600001,
2004,Polar Ice,2227067.6999999997,2393600.0,1081254.4000000001,21760.0,2633.570000000002,5830.0,1145813.3,5429.411428600005,
2004,Polar Sports,2651808.759999999,2850321.0,1367782.3999999994,23230.0,3415.0400000000045,7116.599999999993,1284026.359999999,6625.903333299994,
2004,Polar Sun,1272178.4299999997,1356893.28,573783.2999999999,21942.0,1542.850000000001,3648.5600000000027,698395.13,3437.6626316200013,
2004,Polar Wave,988778.8800000001,1026480.6999999998,441423.2,10735.0,2426.0799999999963,5641.579999999995,547355.6800000002,5462.63260603,
2004,Ranger Vision,8118080.0,8118080.0,4407668.21,50738.0,3665.782495990001,6720.0,3710411.7900000005,6720.0,
2004,Retro,0.0,0.0,0.0,0.0,0.0,0.0,0.0,0.0,
2004,Sam,8465392.199999997,8523950.699999997,5113867.080000002,189843.0,1184.78436958,1975.6000000000015,3351525.119999999,1964.3137377500013,
2004,Seeker 35,6626735.999999999,7125500.749999997,4817783.250000001,67675.0,4556.16,6738.559999999999,1808952.7499999998,6266.880000000004,
2004,Seeker 50,4662673.179999998,5013568.24,3461010.7200000007,37384.0,6017.699999999997,8717.149999999994,1201662.4600000002,8107.202000000006,
2004,Seeker Extreme,4212307.59,4528023.96,2333046.559999999,24788.0,5835.439999999995,11325.540000000003,1879261.0300000003,10540.541428599992,
2004,Seeker Mini,2781057.3099999987,3061251.24,1431160.0,35779.0,2320.0,4962.480000000002,1349897.3099999996,4515.545414890001,
2004,Single Edge,11441169.989999995,12353850.900000002,8274566.800000001,966655.0,573.5199999999996,856.2599999999987,3166603.19,793.4510276299998,
2004,Sky Pilot,0.0,0.0,0.0,0.0,0.0,0.0,0.0,0.0,
2004,Star Dome,18655898.74,19914630.439999994,12116016.0,30596.0,24948.0,41006.06999999998,6539882.739999997,38560.50407660004,
2004,Star Gazer 2,30868091.849999998,33191533.38000001,22372171.729999997,56989.0,24339.339999999986,36110.03999999994,8495920.12,33582.30000000004,
2004,Star Gazer 3,17119586.610000003,18407768.669999998,11582514.0,27189.0,26838.0,42652.88999999996,5537072.61,39668.67399999998,
2004,Star Gazer 6,6837403.180000001,7328030.920000002,4316410.0,8809.0,27930.0,47417.15999999997,2520993.1799999992,44399.85185870003,
2004,Star Lite,34678132.919999994,36970805.179999985,24971500.0,99886.0,16250.0,24058.450000000004,9706632.919999994,22716.249781700008,
2004,Star Peg,867031.9399999998,910241.9000000001,441865.0,441865.0,68.0,140.0800000000001,425166.93999999994,134.14603478999996,
2004,Sun Blocker,1263825.6500000004,1309165.0,510574.3499999998,261833.0,126.75000000000013,325.0,753251.2999999997,314.7255073200002,
2004,Sun Shelter 15,2067719.350000001,2177995.0,779722.21,435599.0,130.6700000000002,365.0,1287997.1400000001,348.27349567000005,
2004,Sun Shelter 30,3864577.6500000004,4134810.0,1529879.7,826962.0,120.24999999999986,325.0,2334697.95,304.80412539999986,
2004,Sun Shelter Stick,1639532.3,1709700.0,670202.3999999998,341940.0,103.8799999999999,265.0,969329.9000000001,255.36476002,
2004,Sun Shield,2462788.9199999995,2594736.0,1193578.5599999998,432456.0,176.63999999999993,384.0,1269210.3599999999,366.82375467999987,
2004,TX,29853176.0,29853176.0,16314437.840000002,158529.0,4733.733522299999,8650.491050900002,13538738.16,8650.491050900002,
2004,Trail Master,6555035.0,6555035.0,4189251.69,17959.0,8863.128129099998,13870.0,2365783.3100000005,13870.0,
2004,Trail Scout,5459958.0,5459958.0,3459846.9099999997,22941.0,5579.3877887,8806.0,2000111.09,8806.0,
2004,Trail Star,8733648.0,8733648.0,5022335.929999998,56712.0,3805.9483357999998,6622.0,3711312.07,6622.0,
2004,TrailChef Canteen,2511664.220000001,2819650.9600000014,1489711.8399999999,225032.0,436.92000000000024,826.9799999999988,1021952.3800000001,753.8590183099993,
2004,TrailChef Cook Set,9053351.280000005,9683389.98,6164721.419999998,176286.0,2342.99,3680.309999999996,2888629.8599999985,2999.919893189999,
2004,TrailChef Cup,1183316.63,1235897.8199999998,287025.45,337677.0,51.00000000000005,219.59999999999982,896291.1799999999,211.37248246000004,
2004,TrailChef Deluxe Cook Set,11412423.360000001,12271382.279999996,8051320.889999999,94599.0,4595.9400000000005,7004.880000000003,3361102.469999999,6514.560000000005,
2004,TrailChef Double Flame,7265105.769999999,8254770.3,4079250.0,54390.0,4575.0,9257.970000000014,3185855.7700000005,8242.582458699995,
2004,TrailChef Kettle,5384289.46,6341752.98,2595095.3,479709.0,323.45266192,779.980000000001,2789194.16,693.2175083299999,
2004,TrailChef Kitchen Kit,4480342.519999999,4743102.000000001,3174689.7,199290.0,923.9399999999989,1380.3999999999985,1305652.8200000003,1313.9524743400004,
2004,TrailChef Single Flame,9524041.170000002,10275235.300000006,7137418.2,153890.0,2968.3200000000043,4273.280000000001,2386622.9699999997,3966.1397483899964,
2004,TrailChef Utensils,3854307.519999999,4026035.19,2087110.0,208711.0,660.0,1273.1399999999987,1767197.5199999998,1222.95946871,
2004,TrailChef Water Bag,5092694.57,6428782.24,2489369.5600000005,975536.0,181.08067683000007,441.5299999999994,2603325.0099999993,378.75523667,
2004,Trendi,12951660.999999996,12951660.999999996,7672665.54,262555.0,1307.8013748899996,2210.14350626,5278995.46,2210.14350626,
2004,Venue,20284366.0,20299160.0,11561656.480000002,289988.0,1833.4586779299998,3220.0,8722709.52,3219.40252525,
2004,Zodiak,0.0,0.0,0.0,0.0,0.0,0.0,0.0,0.0,
2004,Zone,32826911.299999997,32826911.299999997,21868480.86,1073342.0,937.2170453400001,1405.6536004200002,10958430.439999996,1405.6536004200002,
2005,Aloe Relief,181052.14,181052.14,66466.56,34618.0,103.68000000000008,282.4199999999999,114585.57999999994,282.4199999999999,-0.5827151538873246
2005,Astro Pilot,5460410.0,5460410.0,3399848.3500000006,37658.0,2256.68945614,3625.0,2060561.65,3625.0,inf
2005,Auto Pilot,0.0,0.0,0.0,0.0,0.0,0.0,0.0,0.0,
2005,Bear Edge,2702458.18,2786803.52,1618299.28,68776.0,1458.8599999999988,2512.2399999999993,1084158.9,2436.43996503,-0.1350669109983863
2005,Bear Survival Edge,2084174.3899999997,2327276.9299999997,1110654.0,25217.0,2350.6451704499996,4891.369999999999,973520.39,4500.67952335,-0.20850146904660438
2005,Bella,5867632.5,5867632.5,3272928.11,84867.0,1008.30278051,1804.0704528800002,2594704.39,1804.0704528800002,0.7452904361979042
2005,Blue Steel Max Putter,9933224.370000003,10567396.89,5370575.400000001,58503.0,4131.000000000003,8128.350000000004,4562648.970000001,7640.549999999999,-0.015322327418524795
2005,Blue Steel Putter,5344712.139999998,5659232.5,2627159.1999999997,63766.0,2101.200000000001,4526.25,2717552.94,4323.133289820001,-0.01139246582014708
2005,BugShield Extreme,5510955.729999998,5821669.0,2012634.1399999994,831667.0,140.36,406.0,3498321.5900000003,385.08637775,-0.3516570354455435
2005,BugShield Lotion,1665124.7900000005,1705501.0,567688.1900000002,243643.0,130.47999999999993,392.0,1097436.5999999996,383.9062638200003,-0.3335686999013593
2005,BugShield Lotion Lite,828150.8200000001,834533.0,224131.71999999994,119219.0,88.35999999999997,329.0,604019.0999999999,327.48697338000005,-0.34577089677611506
2005,BugShield Natural,2217731.1600000006,2290068.0,709921.0799999997,381678.0,98.57999999999998,318.0,1507810.0799999998,308.8840601499999,-0.3490920386769877
2005,BugShield Spray,1357471.1500000001,1385683.6300000001,421930.29000000004,230563.0,95.15999999999993,312.51999999999975,935540.8599999999,306.67095095999986,-0.35241912289606836
2005,Calamine Relief,165096.0,165096.0,77870.27999999997,27516.0,169.80000000000013,360.0,87225.72000000002,360.0,-0.5826622013206566
2005,Canyon Mule Carryall,8794189.739999996,9355521.0,5241637.4799999995,127286.0,2182.5400000000004,3895.5,3552552.2600000002,3661.7700000000027,0.319327347328376
2005,Canyon Mule Climber Backpack,10360822.860000001,10979604.720000004,7499730.0,142852.0,3045.0,4457.880000000001,2861092.86,4241.006684649999,0.2849626368032656
2005,Canyon Mule Cooler,6734619.37,6954272.060000001,3312544.0,207034.0,800.0,1679.499999999999,3422075.37,1630.7027239400002,0.20192980507316083
2005,Canyon Mule Extreme Backpack,15080588.929999994,16043135.240000006,8321862.559999998,34837.0,14332.799999999983,27631.200000000023,6758726.370000003,25973.39999999998,0.19872158323780642
2005,Canyon Mule Journey Backpack,23543470.689999994,25242585.9,14520306.450000001,68065.0,11733.149999999998,20397.300000000014,9023164.240000004,18995.320023900003,0.2575233368279304
2005,Canyon Mule Weekender Backpack,22903066.779999994,24035344.080000006,13710546.020000001,84072.0,9044.0043957,15723.949999999988,9192520.759999998,14906.517013300001,0.4307003245230334
2005,Capri,8005714.800000001,8109871.800000001,5361732.709999999,211746.0,734.26434938,1110.6999999999994,2643982.09,1108.9844986499995,-0.13692290529582518
2005,Cat Eye,21986878.349999998,21986878.349999998,14861924.83,711966.0,677.60720589,1012.1205033800003,7124953.5200000005,1012.1205033800003,0.014787685162751751
2005,Compact Relief Kit,952498.08,968346.0,378918.0,42102.0,585.0,1495.0,573580.08,1474.200017039999,-0.563923308415277
2005,Course Pro Gloves,2172899.11,2956131.3600000003,665198.5600000002,276016.0,115.6799999999999,514.0799999999997,1507700.5500000003,468.0994085099999,0.2033854139811928
2005,Course Pro Golf Bag,5621604.140000001,6019127.100000001,2187525.9000000004,27447.0,4144.399999999996,11403.599999999995,3434078.2399999998,10637.1298593,0.2541339012933135
2005,Course Pro Golf and Tee Set,2375531.9799999995,2501900.2399999993,658394.8,235141.0,151.20000000000002,574.5599999999995,1717137.18,445.4942755299999,0.2883955894321584
2005,Course Pro Putter,13645314.37,17110650.06,7343981.02,222621.0,1608.3420898200002,3612.4200000000014,6301333.3500000015,3212.55723761,-0.018910920127085395
2005,Course Pro Umbrella,3081738.8599999994,3245170.11,1519986.0,253331.0,312.0,666.1199999999993,1561752.8600000006,512.2624618500001,0.2736801498835193
2005,Dante,21597963.500000004,21597963.500000004,14020818.879999995,499198.0,814.9087149999999,1255.4075798099998,7577144.619999999,1255.4075798099998,0.05956505121268063
2005,Deluxe Family Relief Kit,1377100.9000000001,1620010.0,649855.4400000002,46286.0,701.9999999999998,1750.0,727245.4599999997,1509.7181543000004,-0.17526021964151117
2005,Double Edge,2479782.6500000004,2544072.9600000014,1747521.269999999,152889.0,742.9499999999992,1081.5999999999997,732261.3799999999,1055.474476679999,-0.1383938376390461
2005,Edge Extreme,7231917.779999998,7693433.819999999,5142240.0,64278.0,4640.0,6942.019999999992,2089677.7799999998,6525.580000000008,-0.18154728382472485
2005,EverGlow Butane,1766632.34,1869889.8400000008,1121713.0399999998,27608.0,2478.430000000004,4131.530000000001,644919.3,3917.4060934400018,0.07345072772255223
2005,EverGlow Double,606853.4,611198.0,336950.0,11720.0,1581.25,2868.2500000000027,269903.4000000001,2856.297018440002,0.053638338336068125
2005,EverGlow Kerosene,2202431.7900000005,2247905.95,1424980.0,71249.0,980.0,1545.9499999999987,777451.7899999999,1515.0693302000009,0.1195600712905176
2005,EverGlow Lamp,5576975.409999998,5966329.59,3512508.01,214539.0,850.9964227300002,1418.3099999999984,2064467.4000000001,1338.5240270600002,0.14860686642074272
2005,EverGlow Single,4413672.449999999,4784859.800000001,2412510.9600000004,137102.0,1051.3875139699994,2059.100000000002,2001161.4900000002,1947.5482882699991,0.07326245402868103
2005,Fairway,13726473.749999998,13910048.749999998,8351025.8900000015,690325.0,326.50796539999993,544.0499999999997,5375447.86,543.0059079599998,-0.06305585452138496
2005,Firefly 2,3411201.5899999994,3492193.04,2113216.4499999993,127592.0,949.7528730999995,1614.8299999999977,1297985.14,1588.1917173599998,0.21349021666536294
2005,Firefly 4,1834826.3,1910891.5199999998,1142607.6,64908.0,959.8357563100001,1589.760000000002,692218.7,1540.5182721699994,0.06254102230815417
2005,Firefly Charger,4316555.249999998,4432136.589999999,1870212.7599999998,83641.0,1296.8799999999992,3073.419999999996,2446342.49,2992.064047670001,inf
2005,Firefly Climbing Lamp,2116651.7799999993,2317100.5799999996,1259210.6399999997,57942.0,1290.3345841400007,2359.4099999999985,857441.1400000002,2195.2601994999995,inf
2005,Firefly Extreme,2022956.7000000002,2080344.0000000002,1141671.9999999998,40600.0,1602.8399999999979,2920.679999999996,881284.6999999998,2844.1404682599978,0.062014377270737775
2005,Firefly Lite,1904895.4000000004,1952786.0100000007,892437.75,132213.0,418.5,915.7399999999993,1012457.6499999998,894.4793919700007,0.07979103244509389
2005,Firefly Mapreader,2737703.34,2820271.41,1298467.5,173129.0,420.0,912.2399999999993,1439235.84,888.0045894699998,0.15033749359834991
2005,Firefly Multi-light,1647123.0600000003,1680804.74,1126025.18,63331.0,871.2199999999991,1300.4599999999991,521097.8800000001,1275.0481255999998,0.074398867676716
2005,Firefly Rechargeable Battery,2734308.8799999994,2906080.0,1144269.0,363260.0,179.55000000000018,456.0,1590039.8800000004,395.4431461599999,inf
2005,Flicker Lantern,1663651.28,1712637.6300000004,762365.3399999997,48807.0,859.1000000000001,1929.9499999999987,901285.9400000003,1880.3885402099997,-0.016613629749135383
2005,Glacier Basic,5765237.610000001,6177110.6400000015,3696171.0,188787.0,1144.01942641,1897.7600000000014,2069066.61,1799.2477878000004,-0.14662565943833072
2005,Glacier Deluxe,2941368.5500000007,3119448.24,1818815.5799999991,32346.0,3486.2600000000007,5979.279999999994,1122552.9700000002,5650.054780709996,-0.11608879029376007
2005,Glacier GPS,7829674.42,8329152.42,5604856.699999999,71354.0,4555.900000000005,6770.33999999999,2224817.7200000007,6364.339999999991,-0.12699153665688068
2005,Glacier GPS Extreme,8873784.22,9439859.6,4632513.969999998,26251.0,10764.669999999995,21935.599999999988,4241270.25,20620.57652170002,-0.18038641879271478
2005,Granite Axe,7898187.599999999,8219640.0,4011184.3200000008,205491.0,1112.6399999999994,2280.0,3887003.280000001,2193.9240206600007,inf
2005,Granite Belay,4603038.999999998,4896850.0,2411348.8499999996,69955.0,1999.2600000000014,4060.0,2191690.1500000004,3816.4000000000037,inf
2005,Granite Carabiner,3158850.600000002,3335780.0,1634532.2,833945.0,113.67999999999986,232.0,1524318.4000000001,220.33526605999992,inf
2005,Granite Chalk Bag,960521.9400000002,979200.0,464032.0000000002,54400.0,486.2099999999993,1026.0,496489.9400000001,1006.8700129799994,inf
2005,Granite Climbing Helmet,7153480.839999999,7610086.0,5403161.06,102839.0,3047.3199999999983,4292.0,1750319.7800000003,4034.4799999999973,inf
2005,Granite Extreme,10631926.399999997,11310560.0,6577090.639999999,141382.0,2698.1599999999994,4640.0,4054835.7600000002,4361.599999999996,inf
2005,Granite Grip,2477340.999999999,2536080.0,1254091.56,126804.0,553.8399999999995,1120.0,1223249.4400000002,1094.89557998,inf
2005,Granite Hammer,4326684.180000001,4602928.979999999,3273500.879999998,57551.0,3128.4000000000037,4398.899999999999,1053183.3,4134.899999999997,inf
2005,Granite Ice,6306347.2,6708880.0,3268063.17,83861.0,2143.350000000001,4400.0,3038284.0299999993,4135.999999999996,inf
2005,Granite Pulley,3986563.2800000007,4116844.0,1988002.3000000005,108338.0,1082.6500000000005,2242.0,1998560.98,2172.6057478699986,inf
2005,Granite Shovel,2421545.46,2490424.8600000003,1601610.1199999996,41514.0,2083.3199999999983,3239.459999999996,819935.34,3152.7380769200013,inf
2005,Granite Signal Mirror,1256309.34,1427613.0,653967.0899999999,43261.0,898.5178987200005,1914.0,602342.25,1819.6931213999994,inf
2005,Hailstorm Steel Irons,12849457.61,14214013.0,6814093.0,30833.0,11713.0,24433.0,6035364.609999999,21782.598445200005,0.07962322148611012
2005,Hailstorm Steel Woods Set,17116999.44,17999952.0,8834459.2,25862.0,17421.600000000006,35496.0,8282540.240000001,33828.78232830001,0.2648716672557361
2005,Hailstorm Titanium Irons,19680345.360000003,20936494.44000001,11069940.600000003,22548.0,23074.65000000002,43640.909999999974,8610404.760000002,41022.53999999999,0.024287985997668793
2005,Hailstorm Titanium Woods Set,25550030.879999995,27180774.720000003,14754960.0,21384.0,31050.0,57198.60000000006,10795070.880000003,53766.899999999994,0.18645207981299028
2005,Hawk Eye,8304282.0,8304282.0,4966909.790000001,205044.0,676.3868909299998,1134.0,3337372.21,1134.0,0.6172169936099576
2005,Hibernator,16991320.94,17998127.74,10541708.0,122578.0,5332.0,9103.459999999997,6449612.939999999,8610.202029800006,0.19267503130677843
2005,Hibernator Camp Cot,8343823.39,8948398.559999999,5579488.349999999,85647.0,3865.4938483300007,6373.279999999991,2764335.0400000005,5127.19301466,0.36974168910858163
2005,Hibernator Extreme,20380284.79,21681293.220000006,12265950.0,81773.0,9150.0,16173.539999999986,8114334.789999999,15203.02999999998,0.23222386392834826
2005,Hibernator Lite,13861099.83999999,14746651.92,9821280.0,163688.0,3720.0,5585.5800000000045,4039819.840000001,5250.160000000001,0.22494763933997475
2005,Hibernator Pad,4461982.250000002,5583968.55,2370390.21,137367.0,999.5113613299998,2235.7500000000023,2091592.04,1968.6056942900002,0.22171258342757172
2005,Hibernator Pillow,1660982.8199999996,1824003.9500000002,812673.2600000001,103343.0,407.4702354299999,900.1499999999993,848309.56,848.0359788899997,0.3564188974733151
2005,Hibernator Self - Inflating Mat,11338983.789999995,12276591.469999993,5261947.549999998,96461.0,3436.6500000000033,8018.010000000013,6077036.24,7384.579424700003,0.6341843885583374
2005,Husky Harness,4288792.300000001,4562545.0,3072347.61,70193.0,2626.1999999999994,3900.0,1216444.6900000002,3665.9999999999964,inf
2005,Husky Harness Extreme,9807283.200000001,10433280.0,5115152.639999998,94848.0,3181.869999999997,6490.0,4692130.560000001,6100.599999999996,inf
2005,Husky Rope 100,10420025.22,11085146.820000002,7280843.13,31977.0,13433.710000000005,20452.939999999995,3139182.0900000003,19225.740000000016,inf
2005,Husky Rope 200,9168363.670000004,9748210.92,6278913.9,16954.0,21480.299999999992,33348.83999999998,2889449.7700000005,31373.092398999983,inf
2005,Husky Rope 50,5525244.799999999,5877920.0,3707130.6700000004,36737.0,5953.689999999995,9440.0,1818114.13,8873.599999999991,inf
2005,Husky Rope 60,3541637.9999999986,3765800.0,2507428.2000000007,19820.0,7464.090000000009,11210.0,1034209.8000000003,10546.02502590001,inf
2005,Inferno,21495162.099999998,21635984.099999998,12814907.450000005,336352.0,1137.9074314300005,1928.14126212,8680254.65,1926.4716716800003,0.41803245078595697
2005,Infinity,24597070.0,24597070.0,13408800.979999997,107331.0,3518.3112891,6434.869754900001,11188269.020000003,6434.869754900001,2.2426085055691485
2005,Insect Bite Relief,214709.64,214770.0,98794.19999999995,35795.0,171.11999999999995,372.0,115915.44000000003,371.98909090999996,-0.6457141369104654
2005,Kodiak,11604593.399999999,11604593.399999999,6353756.299999999,94010.0,1957.5699583199998,3580.105794899999,5250837.100000001,3580.105794899999,-0.07154763107179196
2005,Lady Hailstorm Steel Irons,8848887.3,9411028.75,4906630.399999999,17665.0,13054.720000000008,25039.25,3942256.899999999,23548.47426830002,0.06662835893189101
2005,Lady Hailstorm Steel Woods Set,11197822.479999997,11899863.3,6169554.3,13065.0,24555.440000000013,47362.63999999999,5028268.180000001,44633.838356199965,0.20593857769615775
2005,Lady Hailstorm Titanium Irons,13737885.700000001,14611932.719999997,7560560.0,16436.0,19780.0,38227.85999999999,6177325.699999999,35949.681083300005,0.02288908181731264
2005,Lady Hailstorm Titanium Woods Set,16849973.330000002,17914311.0,8704063.75,13175.0,30389.900000000027,62547.12000000003,8145909.579999999,58871.74336999999,0.18690837421119233
2005,Legend,24454494.0,24576854.0,13761065.619999997,95064.0,4357.523476200001,7770.989291299999,10693428.38,7768.282203499998,-0.07228128206961426
2005,Lux,9576425.999999998,9576425.999999998,5038614.700000001,55864.0,2612.93977646,4970.659133399999,4537811.3,4970.659133399999,0.5959563424693903
2005,Max Gizmo,4462867.799999999,4462867.799999999,2060308.14,116829.0,476.12849388,1031.4000000000005,2402559.6600000006,1031.4000000000005,0.22740756900283365
2005,Maximus,21910062.0,22057752.0,11046298.640000002,270126.0,1224.1260811600002,2443.00199991,10863763.359999998,2440.9423937799997,0.4748903243307354
2005,Mountain Man Analog,4357344.620000001,4469684.959999999,2743260.0,91442.0,1740.0,2835.040000000004,1614084.6200000003,2767.8980868999993,1.5289864706160423
2005,Mountain Man Combination,1377311.0599999998,1425849.48,654660.0,14548.0,2610.0,5684.580000000008,722651.0599999998,5513.307747040002,-0.03332330919679505
2005,Mountain Man Deluxe,2040010.0499999996,2157242.1500000004,1031667.0,26453.0,2184.0,4566.800000000005,1008343.0500000002,4328.717766359998,-0.2128492720985513
2005,Mountain Man Digital,1157946.14,1285041.6299999994,617660.0,30883.0,1300.0,2704.6499999999996,540286.14,2507.9233896499995,-0.0749242250532356
2005,Mountain Man Extreme,1567130.1300000001,1618795.6200000013,638928.8100000004,5499.0,6739.019999999992,17074.039999999983,928201.32,16573.394446899998,-0.3571069382379225
2005,Opera Vision,2791910.0,2791910.0,1278800.13,25381.0,1259.0385439000001,2750.0,1513109.87,2750.0,-0.017783398848308818
2005,Pocket Gizmo,4695008.1,5150754.599999999,2039161.42,422193.0,135.58082770000001,341.59999999999985,2655846.6799999997,326.34718298999996,0.2555530191437172
2005,Polar Extreme,553120.0800000001,558942.7,273252.5,3769.0,3480.0,7118.400000000006,279867.58,7070.137013100003,-0.4695712913663629
2005,Polar Ice,3070892.0,3201220.0,1446078.3799999997,29102.0,3080.7800000000025,6820.0,1624813.6199999999,6615.268042399998,0.41804395183752874
2005,Polar Sports,2363004.3599999994,2513264.1,1206039.04,20483.0,2767.3600000000033,5766.899999999995,1156965.32,5422.726282100003,-0.09895516475222443
2005,Polar Sun,8020267.549999997,8235727.519999999,3482604.7000000007,133178.0,1830.500000000002,4328.800000000004,4537662.849999999,4257.6717819000005,5.4972716089815785
2005,Polar Wave,636363.5000000001,642279.54,276203.04000000004,6717.0,2179.359999999997,5067.859999999996,360160.46,5038.365301159999,-0.3419992279974149
2005,Ranger Vision,11022080.0,11022080.0,6014800.319999999,68888.0,2690.9044156900004,4800.0,5007279.68,4800.0,0.3495212831888934
2005,Retro,7111276.200000002,7111276.200000002,3961099.23,113508.0,906.5476875099998,1628.9000000000005,3150176.9699999997,1628.9000000000005,inf
2005,Sam,3304235.8999999994,3304235.8999999994,2029398.8200000003,73591.0,744.1943000800001,1212.3,1274837.0799999998,1212.3,-0.6196247874161838
2005,Seeker 35,6133566.779999998,6525242.46,4411929.0600000005,61974.0,3773.0700000000024,5580.369999999999,1721637.72,5245.409999999999,-0.04826827566391645
2005,Seeker 50,4090899.1199999996,4352137.72,3004406.1600000006,32452.0,5369.639999999998,7778.379999999994,1086492.9599999997,7311.480000000009,-0.09584180569308998
2005,Seeker Extreme,3693831.689999999,3928683.6899999995,2024238.8400000003,21507.0,5553.079999999995,10777.530000000002,1669592.8500000003,10134.018880299991,-0.1115694821809825
2005,Seeker Mini,2578286.17,4279540.079999999,2000720.0,50018.0,2400.0,5133.600000000003,577566.17,4095.043391009999,-0.572140661573731
2005,Single Edge,9507974.35,10084007.880000003,6754233.76,789046.0,513.6,766.7999999999989,2753740.5899999994,724.1088200499997,-0.1303802766648513
2005,Sky Pilot,4014612.0,4014612.0,2669847.48,11214.0,5477.129586600001,8234.0,1344764.5200000003,8234.0,inf
2005,Star Dome,23826752.769999996,25039738.299999993,15234120.0,38470.0,26532.0,43609.629999999976,8592632.770000001,41724.17214399997,0.313881779170861
2005,Star Gazer 2,38190959.73000001,40629036.77999999,27385290.630000003,69759.0,22376.489999999987,33197.93999999995,10805669.099999996,31205.790000000026,0.27186566579912674
2005,Star Gazer 3,21159359.679999996,22509893.44,14163648.0,33248.0,25986.0,41298.829999999965,6995711.679999998,38821.01000000003,0.2634314506487929
2005,Star Gazer 6,8430270.949999997,8903611.639999993,5244470.0,10703.0,26460.0,44921.519999999975,3185800.9499999997,42990.1512541,0.2637086745312023
2005,Star Lite,44968936.11000001,47294101.01,31944250.0,127777.0,15250.0,22577.93,13024686.11,21480.667004199986,0.34183359125112633
2005,Star Peg,1094002.6199999999,1142634.6199999999,554677.0,554677.0,62.0,127.7200000000001,539325.62,122.81590948999997,0.26850319077019513
2005,Sun Blocker,1188143.5499999998,1214920.0,473818.8,242984.0,107.2500000000001,275.0,714324.7499999998,269.50848392000006,-0.051678038922733927
2005,Sun Shelter 15,1960765.9999999995,2037395.0,729387.4099999999,407479.0,107.40000000000013,300.0,1231378.5899999999,289.8649373200001,-0.04395859916272815
2005,Sun Shelter 30,3670416.8500000006,3874320.0,1433498.4000000004,774864.0,110.99999999999989,300.0,2236918.4499999993,284.87527041,-0.04188100649165383
2005,Sun Shelter Stick,1516232.4500000007,1559830.0,611453.36,311966.0,121.51999999999984,310.0,904779.09,302.04398906999995,-0.06659323105580484
2005,Sun Shield,2203124.8200000003,2284068.0,1050671.2799999996,380678.0,168.35999999999996,366.0,1152453.5399999996,354.0506092699999,-0.09199170104473486
2005,TX,32499132.0,32530508.0,17795361.620000005,171976.0,3420.9209959999994,6240.005805700001,14703770.379999997,6238.877460000001,0.08605175801701126
2005,Trail Master,2501235.0,2780570.0,1809235.4700000002,7618.0,6413.0550119,9855.0,691999.53,9590.926576700002,-0.7074966557271047
2005,Trail Scout,5039412.0,5039412.0,3266673.52,21174.0,4005.5962778,6188.0,1772738.4799999997,6188.0,-0.11367999064491974
2005,Trail Star,1298836.0,1298836.0,747422.0399999999,8434.0,2126.9533106199997,3696.0,551413.96,3696.0,-0.8514234455093936
2005,TrailChef Canteen,2883663.590000001,3195513.37,1550635.7799999998,255029.0,356.92218824000014,726.739999999999,1333027.8100000003,663.18503691,0.30439327319732845
2005,TrailChef Cook Set,10543390.639999997,12258178.8,7689162.81,223160.0,2120.428157119999,3405.6599999999967,2854227.8300000005,2766.667695729999,-0.011909462848243901
2005,TrailChef Cup,1494470.0899999996,1776307.7999999998,412530.50000000006,485330.0,52.70000000000005,226.91999999999982,1081939.5899999999,210.18778209000004,0.20712957367269857
2005,TrailChef Deluxe Cook Set,14013466.74,15850746.239999996,9548036.750000004,122192.0,4955.928983890002,8820.960000000003,4465429.990000001,5971.887536669997,0.3285610985850136
2005,TrailChef Double Flame,9295056.870000001,9818153.07,4851825.0,64691.0,4650.0,9409.740000000014,4443231.87,9013.150486600001,0.3946745210000513
2005,TrailChef Kettle,6645022.45,7992745.900000001,2856946.05,604595.0,272.83715822000016,727.1000000000009,3788076.400000001,659.9970368999999,0.35812574625496874
2005,TrailChef Kitchen Kit,4985140.879999999,5550778.8,3517692.010000001,233226.0,828.2111984199998,1285.1999999999987,1467448.8699999996,1184.0295635,0.12391965729450138
2005,TrailChef Single Flame,10981117.199999997,11682746.9,8115108.6,174970.0,2921.940000000004,4206.51,2866008.6,3953.8800000000065,0.20086357838079483
2005,TrailChef Utensils,3975909.339999999,4113766.11,2132590.0,213259.0,580.0,1118.819999999999,1843319.3400000003,1085.7142146699998,0.04307487937171883
2005,TrailChef Water Bag,6025894.26,7412939.43,2941961.21,1124877.0,179.72091273000015,428.34999999999945,3083933.050000001,375.9084767999999,0.184613153622337
2005,Trendi,17103911.4,17103911.4,10391577.510000002,340038.0,916.2744891599998,1508.9999999999993,6712333.890000001,1508.9999999999993,0.271517268931313
2005,Venue,20855459.0,20887187.0,12222016.999999996,287090.0,1275.36356705,2180.7981298799996,8633442.000000002,2180.6348371199997,-0.010233920984680234
2005,Zodiak,3084271.4000000004,3084271.4000000004,1778182.9000000001,28915.0,1483.39284327,2570.1677490999996,1306088.4999999998,2570.1677490999996,inf
2005,Zone,46895601.3,46895601.3,31693751.500000004,1523988.0,623.3983841700001,923.2129345399999,15201849.799999999,923.2129345399999,0.3872287535367158
2006,Aloe Relief,101812.40999999999,164457.34999999995,60374.400000000016,31445.0,82.56000000000006,224.88999999999987,41438.01000000001,176.93239226999998,-0.638366276105597
2006,Astro Pilot,13072475.0,13072475.0,8146049.4799999995,90155.0,2258.6505071,3625.0,4926425.52,3625.0,1.3908168532594014
2006,Auto Pilot,3388230.0,3388230.0,2206387.42,14418.0,3368.0199781000006,5170.0,1181842.5799999998,5170.0,inf
2006,Bear Edge,3960860.0100000007,4045476.2800000003,2349211.67,99839.0,1200.029999999999,2066.5199999999995,1611648.3400000008,2025.2757142900011,0.48654255386364564
2006,Bear Survival Edge,3320876.5000000005,3485793.3000000003,1775190.0,37770.0,2021.0,3968.469999999999,1545686.4999999998,3794.795896519998,0.5877289432016928
2006,Bella,8538320.0,8701890.0,4770005.819999999,126775.0,900.94966437,1646.4140593799998,3768314.1800000006,1632.1535613800002,0.45230963285185655
2006,Blue Steel Max Putter,10660306.8,12462386.219999999,6289468.669999999,68994.0,3813.8639901200017,7586.460000000004,4370838.129999999,6093.374292600002,-0.04203935942939785
2006,Blue Steel Putter,5748176.04,6015120.0,2792371.1999999997,67776.0,1854.0000000000014,3993.75,2955804.8399999994,3830.3794586,0.08767148433178251
2006,BugShield Extreme,2505862.2399999993,2597525.0,898001.5,371075.0,128.26000000000008,371.0,1607860.7400000002,299.58712048999996,-0.5403908135272377
2006,BugShield Lotion,748935.04,749105.0,249344.95,107015.0,104.84999999999994,315.0,499590.0899999999,314.993,-0.5447663309206199
2006,BugShield Lotion Lite,354914.0,354914.0,95319.76,50702.0,67.68000000000002,252.0,259594.23999999996,252.0,-0.5702218025886929
2006,BugShield Natural,1012588.7999999999,1013940.0,314321.4,168990.0,87.41999999999999,282.0,698267.4,281.74976471,-0.5368996339379823
2006,BugShield Spray,594719.5499999999,666707.33,203007.38999999996,110933.0,80.51999999999994,264.4399999999998,391712.15999999986,200.4545879599999,-0.5812987152693685
2006,Calamine Relief,95868.0,95868.0,45217.73999999998,15978.0,133.00999999999996,282.0,50650.26000000002,282.0,-0.4193196685564762
2006,Canyon Mule Carryall,9968372.159999998,10492272.0,5878527.36,142752.0,1811.9200000000008,3234.0,4089844.8,3072.519999999998,0.15124127688412936
2006,Canyon Mule Climber Backpack,13822288.860000003,14473737.180000003,9886432.5,188313.0,2730.0,3996.720000000002,3935856.3599999994,3833.1011487300007,0.3756478914144714
2006,Canyon Mule Cooler,8517156.57,9419316.659999998,4238607.0,298174.0,684.5386961799998,1484.729999999999,4278549.57,1391.85405775,0.25027917488561924
2006,Canyon Mule Extreme Backpack,20246071.759999998,21146157.35999999,10968891.840000004,45918.0,11943.99999999999,23026.00000000002,9277179.92,22057.14507790001,0.3726225049113796
2006,Canyon Mule Journey Backpack,31253241.740000002,33843571.02,19467855.810000002,91257.0,11093.159999999998,19284.720000000012,11785385.93,17857.950523699994,0.30612561364614965
2006,Canyon Mule Weekender Backpack,27202427.220000003,28453488.139999997,16587003.16,99526.0,7666.359999999996,13150.939999999993,10615424.06,12622.4561814,0.15478923976887526
2006,Capri,7117901.100000001,7240117.100000001,4748727.93,189037.0,552.3928334999999,842.5999999999997,2369173.1700000004,839.0389127899998,-0.10393751192164824
2006,Cat Eye,20311688.5,20524274.0,13635107.620000001,628338.0,591.4580628300001,895.50822593,6676580.88,884.8196066999999,-0.06292990385711328
2006,Compact Relief Kit,600067.7000000001,724868.0,283644.0,31516.0,396.0,1012.0,316423.7,938.7984132499997,-0.4483356186288756
2006,Course Pro Gloves,2765892.3500000006,3802317.75,905313.7499999999,355025.0,101.99999999999993,428.3999999999998,1860578.5999999996,396.32199146000005,0.23405048834133502
2006,Course Pro Golf Bag,6975688.71,7261023.000000003,2638867.0,33110.0,3427.0999999999976,9429.900000000001,4336821.71,9095.4044868,0.2628779564439978
2006,Course Pro Golf and Tee Set,2768399.6999999997,2910965.6799999997,766043.6,273587.0,123.19999999999992,468.15999999999957,2002356.1000000003,319.64498078999986,0.16610141770967912
2006,Course Pro Putter,13287160.350000003,15672138.299999997,5568968.78,203905.0,1174.8533624700005,3228.120000000001,7718191.569999999,2937.2956094899996,0.2248505421475595
2006,Course Pro Umbrella,3674854.179999999,3859537.71,1807746.0,301291.0,276.0,589.2599999999996,1867108.1800000002,412.2304187200001,0.19552089694908537
2006,Dante,18982080.130000003,19060980.130000003,11768982.690000001,427141.0,662.31521378,1071.3782431,7213097.4399999995,1070.8104573599999,-0.04804543112970172
2006,Deluxe Family Relief Kit,836197.25,1008910.0,404717.04,28826.0,631.8,1575.0,431480.21,1452.09825229,-0.4066924666673063
2006,Double Edge,3663788.3399999994,3738275.8400000003,2567818.08,224656.0,525.7800000000002,765.4399999999995,1095970.2600000002,752.1032750199995,0.49669269735350574
2006,Edge Extreme,11109125.87,11693353.929999998,7815760.0,97697.0,3920.0,5864.809999999996,3293365.869999999,5571.790000000001,0.5760161214902708
2006,EverGlow Butane,2442683.32,2563648.2300000004,1537886.1300000004,37851.0,2031.5000000000027,3386.5000000000005,904797.1900000002,3253.7370845900014,0.4029618744546799
2006,EverGlow Double,813432.32,814791.6,449190.0,15624.0,1293.75,2346.750000000002,364242.32,2343.267650780001,0.3495284609234264
2006,EverGlow Kerosene,3053258.3499999996,3060854.8000000003,1940320.0,97016.0,1040.0,1640.5999999999985,1112938.35,1638.111904099999,0.4315207249056565
2006,EverGlow Lamp,7506295.549999999,8021293.920000002,3606916.05,288432.0,580.3796481499999,1279.2599999999986,3899379.5,1218.4723305500002,0.8888065270490586
2006,EverGlow Single,5753366.079999999,6155208.3,3225814.6200000006,176367.0,814.81855573,1535.6000000000008,2527551.4600000004,1466.61789614,0.2630422245433077
2006,Fairway,20613204.55000001,20613204.55000001,12259256.07,1004133.0,280.57285088,471.53551972,8353948.48,471.53551972,0.5540934816173624
2006,Firefly 2,4706177.43,4782469.58,2912815.7800000003,174734.0,750.1499999999997,1231.6499999999992,1793361.6500000001,1216.6076331099996,0.381650370820116
2006,Firefly 4,2537509.4699999997,2541025.28,1553616.0,86312.0,846.0,1383.6800000000017,983893.47,1382.5060170300012,0.42136216487650513
2006,Firefly Charger,5792585.570000001,5906954.270000001,2492536.28,111473.0,1050.9200000000003,2490.5299999999984,3300049.2900000005,2443.5163891099996,0.3489727229485353
2006,Firefly Climbing Lamp,2870187.150000001,3120139.7700000005,1665496.7,78023.0,1032.9074479300004,1919.5200000000002,1204690.4500000004,1823.6478079500005,0.4049832621747076
2006,Firefly Extreme,2741418.2200000007,2792381.9999999995,1531159.4999999998,50550.0,1453.919999999999,2651.5199999999977,1210258.72,2606.64623141,0.3732891538909051
2006,Firefly Lite,2513168.6,2552078.7600000002,1166319.0,172788.0,330.75,723.7299999999996,1346849.6,716.5067661700001,0.3302774688896868
2006,Firefly Mapreader,3774995.6600000006,3858156.18,1776315.0,236842.0,367.5,798.2099999999996,1998680.66,783.5330639700001,0.3887096224618751
2006,Firefly Multi-light,2355069.1499999994,2360202.1999999993,1581175.3999999997,88930.0,782.3199999999993,1167.7599999999993,773893.7499999997,1165.0399796799995,0.48512166274788804
2006,Firefly Rechargeable Battery,3790419.6000000006,3892536.0,1532686.0499999996,486567.0,144.90000000000012,368.0,2257733.55,359.60842449,0.4199225933880346
2006,Flicker Lantern,2241983.6999999997,2286639.849999999,1017877.3000000003,65165.0,702.9000000000001,1579.0499999999995,1224106.4000000001,1550.8805115700004,0.35817762784583085
2006,Glacier Basic,8023878.589999999,8201038.959999999,5012860.0,250643.0,980.0,1603.280000000001,3011018.5900000012,1572.2124275699998,0.4552545459133388
2006,Glacier Deluxe,3958460.15,4165243.5999999996,2289070.0,43190.0,2491.0,4532.68,1669390.1500000004,4309.772223939997,0.48713708360684316
2006,Glacier GPS,11499816.13,12449487.960000003,7626834.579999998,106652.0,3571.35938495,5836.499999999994,3872981.5500000003,5384.589186100001,0.740808478458181
2006,Glacier GPS Extreme,12249572.74,12894177.200000003,6327684.790000001,35857.0,8117.6200000000035,16541.60000000001,5921887.949999999,15714.612307700016,0.3962533865886049
2006,Granite Axe,11823078.799999999,12274800.0,5990102.399999999,306870.0,878.3999999999995,1800.0,5832976.3999999985,1736.4438180299999,0.500635831724844
2006,Granite Belay,6328539.0,6661620.0,3280372.0199999996,95166.0,1516.680000000001,3080.0,3048166.9800000004,2926.0,0.39078372004363837
2006,Granite Carabiner,4230365.079999999,4441672.0,2176419.2800000003,1110418.0,84.27999999999996,172.0,2053945.8,163.9201833300001,0.34745194967140725
2006,Granite Chalk Bag,1325609.64,1326690.0,628703.6500000001,73705.0,417.9699999999995,882.0,696905.9899999999,881.34851163,0.403665882938131
2006,Granite Climbing Helmet,10259722.6,10799708.0,7667792.6800000025,145942.0,2469.3799999999987,3478.0,2591929.92,3304.100000000002,0.4808322168421131
2006,Granite Extreme,16661708.0,17538640.0,10198719.159999998,219233.0,2000.3599999999994,3440.0,6462988.84,3268.0,0.5938965774534848
2006,Granite Grip,3691573.4000000004,3749620.0,1854187.0899999999,187481.0,454.93999999999954,920.0,1837386.3099999998,908.0048511900001,0.5020536694461921
2006,Granite Hammer,6617098.199999997,6965458.199999999,4953679.2,87090.0,2559.6000000000026,3599.1000000000004,1663419.0000000002,3419.1000000000004,0.579420220582685
2006,Granite Ice,9752776.0,10266080.0,5000864.220000001,128326.0,1675.710000000001,3440.0,4751911.779999999,3268.0,0.5640117030138228
2006,Granite Pulley,5399179.839999999,5538462.0,2674494.1499999994,145749.0,844.1000000000007,1748.0,2724685.6899999995,1706.1898797599993,0.3633237700858143
2006,Granite Shovel,3713296.73,3786988.7299999995,2280147.2399999993,63127.0,1553.1599999999985,2579.5699999999983,1433149.49,2530.029671269999,0.7478811073078031
2006,Granite Signal Mirror,1659900.0,1659900.0,790213.0000000001,50300.0,659.8200000000002,1386.0,869686.9999999999,1386.0,0.4438419353781009
2006,Hailstorm Steel Irons,18898570.53,19710516.0,9449076.0,42756.0,9724.0,20284.0,9449494.53,19480.2369022,0.5656874340852789
2006,Hailstorm Steel Woods Set,23713917.119999997,25777752.0,12651839.200000001,37037.0,14347.20000000001,29232.0,11062077.92,27034.765888,0.3355900001036396
2006,Hailstorm Titanium Irons,30965602.91999999,33599786.58,16006454.010000005,36186.0,20461.645643200005,42712.379999999976,14959148.910000002,39738.92562249998,0.7373339961314431
2006,Hailstorm Titanium Woods Set,38740673.85,41222395.47999999,19649474.099999998,32431.0,26190.944858400002,54656.44000000005,19091199.75,51658.74032000001,0.7685108288978642
2006,Hawk Eye,22974904.5,22974904.5,13502401.8,554823.0,608.0636853700001,1038.5186546,9472502.700000001,1038.5186546,1.8383117326910328
2006,Hibernator,22599439.310000006,23591029.269999996,13817534.0,160669.0,3956.0,6754.179999999998,8781905.31,6457.3480408,0.36161741668795444
2006,Hibernator Camp Cot,10180970.079999998,10780768.799999999,6715843.199999999,103185.0,3211.64487687,5328.479999999995,3465126.8800000004,4643.925678980002,0.2535119042588989
2006,Hibernator Extreme,25564330.19999999,26815199.039999995,15170400.0,101136.0,7500.0,13256.999999999993,10393930.200000001,12702.160070699994,0.28093435494051167
2006,Hibernator Lite,17072038.17,17969621.67,11967780.0,199463.0,3060.0,4594.590000000003,5104258.169999998,4365.090000000003,0.26348658409479886
2006,Hibernator Pad,5243127.37,6226726.349999999,2766426.0000000005,153179.0,862.5247057400002,1869.9000000000015,2476701.3699999996,1678.5610163099998,0.184122583484301
2006,Hibernator Pillow,2152042.53,2347767.6999999997,1080025.81,133018.0,379.35056861,811.8999999999994,1072016.7199999997,769.7988371499998,0.2637093468568239
2006,Hibernator Self - Inflating Mat,15352991.740000002,16845966.28,6955728.200000002,132364.0,2574.9500000000007,6236.230000000007,8397263.540000001,5773.459233400001,0.3818024458580489
2006,Husky Harness,6423235.0,6761300.0,4552955.4,104020.0,2057.1899999999996,3055.0,1870279.6000000003,2902.25,0.537496620582067
2006,Husky Harness Extreme,14374079.5,15130610.0,7418125.430000001,137551.0,2318.99,4730.0,6955954.069999999,4493.5,0.4824724037516972
2006,Husky Rope 100,17671847.800000004,18601775.599999998,12217845.4,53660.0,10018.359999999997,15253.039999999995,5454002.399999998,14490.519999999999,0.737395997949261
2006,Husky Rope 200,14131619.850000001,14874732.6,9580954.499999996,25870.0,17036.10000000001,26449.079999999984,4550665.35,25127.233409099987,0.5749245400448677
2006,Husky Rope 50,8887288.0,9355040.0,5900106.789999999,58469.0,4540.949999999997,7200.0,2987181.21,6840.0,0.6430108323287715
2006,Husky Rope 60,5635713.5,5932180.0,3949895.2199999983,31222.0,5566.440000000006,8360.0,1685818.2799999993,7942.1295455,0.6300544434987938
2006,Inferno,36966788.45,36966788.45,21357233.52,550068.0,974.2077655300002,1692.1115428399999,15609554.929999998,1692.1115428399999,0.7982830641955876
2006,Infinity,39604259.8,39604259.8,21597008.46000001,167667.0,3219.9203614000003,5908.1005402,18007251.34,5908.1005402,0.6094760778285249
2006,Insect Bite Relief,155562.0,155562.0,71558.52,25927.0,126.96000000000008,276.0,84003.48,276.0,-0.2753037904182568
2006,Kodiak,8806293.200000001,8806293.200000001,4774230.059999999,69527.0,1514.5058004500002,2797.5955117000008,4032063.140000001,2797.5955117000008,-0.23211041149991096
2006,Lady Hailstorm Steel Irons,12221992.720000006,12863248.75,6706515.199999999,24145.0,12221.440000000008,23441.0,5515477.52,22270.74745880001,0.39906598172229746
2006,Lady Hailstorm Steel Woods Set,16168385.8,17014117.600000005,7864280.0,18680.0,18945.0,40986.899999999994,8304105.8,38962.00506279997,0.651484269082879
2006,Lady Hailstorm Titanium Irons,19911617.860000003,20958646.499999996,9901500.0,23575.0,17640.0,37338.84,10010117.86,35472.927777799996,0.6204614012824352
2006,Lady Hailstorm Titanium Woods Set,23609031.62,24847523.28,11147140.0,18274.0,25010.0,55748.520000000026,12461891.620000003,52976.33019300004,0.5298342680597252
2006,Legend,22256603.8,22319723.8,12604668.980000002,84073.0,3601.0693788000003,6387.1952115,9651934.82,6384.285312900001,-0.09739566423317647
2006,Lux,10811274.000000002,10811274.000000002,5642885.78,62810.0,2074.4993797800003,3970.9969979,5168388.22,3970.9969979,0.13896058657176869
2006,Max Gizmo,6240418.0,6240418.0,2826779.1,154138.0,422.68573491,931.67757358,3413638.8999999994,931.67757358,0.4208341864859242
2006,Maximus,32811014.799999993,32811014.799999993,16291809.670000004,388132.0,1052.29106304,2123.6493103800003,16519205.129999999,2123.6493103800003,0.5205785124907214
2006,Mountain Man Analog,5242324.359999999,5323325.280000001,3267180.0,108906.0,1380.0,2248.4800000000027,1975144.36,2220.2790973500005,0.22369319150070321
2006,Mountain Man Combination,1316611.37,1344599.1899999997,617355.0,13719.0,1980.0,4312.440000000005,699256.3700000002,4244.181131870002,-0.03237342514933772
2006,Mountain Man Deluxe,4972842.989999999,5184378.150000001,2479347.0,63573.0,2028.0,4240.600000000004,2493495.9899999993,4080.7263167499987,1.4728647556999563
2006,Mountain Man Digital,1127246.2199999997,1137492.5699999996,546740.0,27337.0,820.0,1706.0099999999986,580506.22,1693.438168249999,0.07444218354370502
2006,Mountain Man Extreme,2032825.1300000006,2096574.3599999999,827505.18,7122.0,5344.739999999997,13541.479999999987,1205319.9499999997,13173.018727799998,0.2985544450637063
2006,Opera Vision,3148090.0,3384260.0,1549003.14,30766.0,1158.6987247100003,2530.0,1599086.86,2505.7115129000003,0.05682137940188037
2006,Pocket Gizmo,5683688.4,5683688.4,2229535.06,440596.0,116.32998667,296.7,3454153.34,296.7,0.30058461808495673
2006,Polar Extreme,998418.0299999999,1020452.3,498872.5,6881.0,3335.0,6821.800000000006,499545.53,6719.896336900003,0.7849353254850027
2006,Polar Ice,3204990.8,3312430.0,1496314.9700000002,30113.0,2832.330000000002,6270.0,1708675.8299999998,6107.635905,0.051613433668779685
2006,Polar Sports,11462425.29,11903004.299999999,5711889.920000001,97009.0,3709.440000000005,7730.099999999992,5750535.369999996,7560.518024299999,3.970361056284726
2006,Polar Sun,9605225.369999995,9804051.76,4145794.850000001,158539.0,1725.9000000000017,4081.4400000000037,5459430.520000002,4039.40224398,0.20313709953131576
2006,Polar Wave,698168.3699999999,699077.8199999998,300628.32000000007,7311.0,1768.159999999998,4111.659999999997,397540.04999999993,4109.022026509998,0.1037859347469734
2006,Ranger Vision,11715790.5,11715790.5,5823914.789999999,69680.0,1939.8552570600002,3872.1667471,5891875.710000002,3872.1667471,0.1766619974380983
2006,Retro,30689916.95,30689916.95,16843334.279999997,489863.0,824.7427213899998,1503.6000000000004,13846582.669999996,1503.6000000000004,3.395493587142819
2006,Sam,9177329.2,9177329.2,5527153.14,195932.0,707.0212598900001,1174.00568151,3650176.06,1174.00568151,1.8632490514003566
2006,Seeker 35,8930678.399999999,9400291.2,6355843.2,89280.0,3061.170000000002,4527.469999999999,2574835.1999999997,4301.290000000003,0.49557318016940277
2006,Seeker 50,6094051.600000001,6415017.740000001,4428471.720000001,47834.0,4258.6799999999985,6169.059999999998,1665579.8800000001,5860.399999999997,0.5329872731066758
2006,Seeker Extreme,5986452.6000000015,6889399.050000003,3549735.8000000003,37715.0,4894.239999999996,9498.840000000002,2436716.799999999,8339.629005800001,0.4594676780030522
2006,Seeker Mini,4099363.8400000003,4526123.999999999,2116000.0,52900.0,1880.0,4021.319999999998,1983363.84,3695.3480257200013,2.4340027914031044
2006,Single Edge,13725387.240000004,14427150.3,9663255.599999998,1128885.0,410.88000000000005,613.4399999999993,4062131.64,583.2780851299997,0.4751322817956505
2006,Sky Pilot,7568836.0,7568836.0,4953053.000000001,21142.0,5621.3640799,8592.0,2615783.0,8592.0,0.9451606293122603
2006,Star Dome,28721600.420000006,29989105.860000003,18245304.0,46074.0,19800.0,32544.49999999998,10476296.42,31207.498155299993,0.21921845148282748
2006,Star Gazer 2,46895494.79999999,49363589.52,33272662.92,84756.0,17665.64999999999,26208.899999999972,13622831.88,24898.49999999998,0.2607115537158182
2006,Star Gazer 3,26727987.519999996,28134823.200000003,17164832.0,37808.0,21792.0,35719.200000000026,9563155.52,33933.11999999998,0.3670025234659189
2006,Star Gazer 6,10663457.48,11149687.640000002,6567470.0,13403.0,22540.0,38266.479999999996,4095987.4799999995,36839.56841559999,0.2857010040128214
2006,Star Lite,52517671.07999999,54967636.17000001,37127250.0,148509.0,10750.0,15915.589999999986,15390421.080000002,15272.385276200006,0.18163470121430847
2006,Star Peg,1324840.6999999997,1376916.36,668406.0,668406.0,47.0,96.82000000000006,656434.6999999998,93.60199110999999,0.21713984216065962
2006,Sun Blocker,370735.0,370735.0,144586.65,74147.0,99.45000000000009,255.0,226148.35000000006,255.0,-0.6834096116647224
2006,Sun Shelter 15,615338.2,615555.0,220368.68999999997,123111.0,78.76000000000003,220.0,394969.50999999995,219.98947368,-0.6792460797941923
2006,Sun Shelter 30,1139806.65,1203525.0,445304.25,240705.0,94.34999999999994,255.0,694502.4,208.61989314,-0.6895271707379407
2006,Sun Shelter Stick,492605.0,492605.0,193101.15999999997,98521.0,92.11999999999993,235.0,299503.83999999997,235.0,-0.6689757275447203
2006,Sun Shield,724164.0,724164.0,333115.44,120694.0,126.96000000000008,276.0,391048.56000000006,276.0,-0.6606817139023233
2006,TX,32353951.199999996,32353951.199999996,17652084.880000003,170547.0,2510.8685897,4600.079689200001,14701866.32,4600.079689200001,-0.00012949467726908193
2006,Trail Master,0.0,0.0,0.0,0.0,0.0,0.0,0.0,0.0,-1.0
2006,Trail Scout,2568805.0,2965480.0,1909147.62,12460.0,3529.998687800001,5474.0,659657.3800000001,5284.0566521,-0.6278879330243905
2006,Trail Star,0.0,0.0,0.0,0.0,0.0,0.0,0.0,0.0,-1.0
2006,TrailChef Canteen,3416258.3300000005,3635554.439999999,2140881.2800000003,290148.0,340.70220751999994,576.3799999999993,1275377.05,543.6516820699999,-0.043247979950245874
2006,TrailChef Cook Set,12654018.76,13082513.309999997,8328699.989999998,238167.0,1608.620000000001,2526.7799999999993,4325318.7700000005,2450.6745908499993,0.5154076785804445
2006,TrailChef Cup,1702683.4099999995,1951874.3399999996,453304.15000000014,533299.0,37.40000000000003,161.03999999999988,1249379.2599999998,146.65929613000003,0.15475879757759858
2006,TrailChef Deluxe Cook Set,16275725.48,17132898.720000006,10507966.560000004,132076.0,3977.9999999999977,6486.000000000002,5767758.919999999,6161.499999999993,0.29164692603320774
2006,TrailChef Double Flame,10609776.8,11678397.96,5771100.0,76948.0,3675.0,7436.73000000001,4838676.800000001,6513.900710200001,0.08899939088706632
2006,TrailChef Kettle,8054870.88,10039334.100000003,3538095.8700000006,759405.0,230.01185115000007,621.3400000000007,4516775.009999999,550.5127114199998,0.19236639736199557
2006,TrailChef Kitchen Kit,5883414.73,6025779.2,4033221.1200000006,253184.0,716.8499999999996,1070.999999999999,1850193.6099999999,1048.3306658200004,0.2608232203688299
2006,TrailChef Single Flame,13380368.210000005,14084931.189999998,9783721.860000003,210947.0,2087.100000000002,3004.6499999999996,3596646.3500000006,2854.3499999999985,0.2549321554722481
2006,TrailChef Utensils,4973394.569999999,5894001.630000001,2677879.5,305547.0,469.75392007000016,964.4999999999993,2295515.0700000008,883.1884512500001,0.24531600151279287
2006,TrailChef Water Bag,6967004.1000000015,8309423.26,3358393.6400000006,1260914.0,131.01567104000003,309.7299999999999,3608610.4600000004,276.65927861,0.1701325552446733
2006,Trendi,7625993.899999999,7697741.899999999,4642984.13,152833.0,699.79776764,1158.70294042,2983009.77,1157.27026264,-0.5555927611938267
2006,Venue,16192130.0,16192130.0,9339482.240000002,221810.0,1053.7054004,1825.0,6852647.76,1825.0,-0.2062670068322694
2006,Zodiak,7880907.100000001,7880907.100000001,4545058.9,72461.0,1442.1705414799999,2500.7981655,3335848.2,2500.7981655,1.5540751641255555
2006,Zone,49625124.400000006,49625124.400000006,33361894.859999996,1543262.0,546.6549819100002,812.94075914,16263229.540000001,812.94075914,0.06981911767079829
2007,Aloe Relief,51834.52999999999,51834.52999999999,19029.120000000003,9911.0,63.36000000000004,172.58999999999997,32805.409999999996,172.58999999999997,-0.2083256411203147
2007,Astro Pilot,8277139.0,8277139.0,5207994.06,44101.0,3178.2543496,5027.5480277999995,3069144.9399999995,5027.5480277999995,-0.3770036860315713
2007,Auto Pilot,2573485.0,2573485.0,1673906.1300000001,10951.0,3363.6256312,5170.0,899578.8700000003,5170.0,-0.23883359321848052
2007,Bear Edge,3051955.6799999997,3124294.6,1814280.6500000001,77105.0,823.5499999999994,1418.1999999999996,1237675.0300000003,1386.1950757400002,-0.2320439891992817
2007,Bear Survival Edge,2349087.5000000005,2470972.4599999995,1258378.0,26774.0,1739.0,3414.729999999999,1090709.4999999998,3251.0392857099996,-0.29435270347512255
2007,Bella,9273315.0,9273315.0,4971640.040000001,136620.0,872.2545696899999,1628.08565238,4301674.959999999,1628.08565238,0.1415382992296037
2007,Blue Steel Max Putter,6684334.799999998,8468656.920000002,3835111.1999999997,46884.0,3108.4000000000015,6863.940000000003,2849223.6,4319.6357646,-0.3481287763909937
2007,Blue Steel Putter,3075628.7999999984,3768058.75,1749228.3999999994,42457.0,1730.4000000000012,3727.5,1326400.3999999994,2167.5888105500003,-0.551255758820667
2007,BugShield Extreme,987332.7799999999,1020376.0,352758.56000000006,145768.0,75.02000000000004,217.0,634574.22,179.14170118,-0.6053301108651985
2007,BugShield Lotion,301882.0,301882.0,100483.57999999999,43126.0,65.23999999999997,196.0,201398.41999999995,196.0,-0.5968726681508034
2007,BugShield Lotion Lite,144452.0,186291.0,50032.43999999999,26613.0,73.32000000000001,273.0,94419.56,152.90145687,-0.63628021946866
2007,BugShield Natural,389826.0,389826.0,120846.05999999998,64971.0,55.79999999999999,180.0,268979.93999999994,180.0,-0.6147894918193232
2007,BugShield Spray,238569.32999999996,242882.13,73955.78999999998,40413.0,62.219999999999956,204.33999999999992,164613.54,190.36357682999997,-0.5797589229805884
2007,Calamine Relief,45708.0,45708.0,21558.940000000002,7618.0,93.38999999999996,198.0,24149.059999999998,198.0,-0.5232194267117288
2007,Canyon Mule Carryall,7102967.9399999995,7476273.0,4188747.2399999993,101718.0,1400.1200000000001,2499.0,2914220.7,2374.219999999999,-0.2874495628782784
2007,Canyon Mule Climber Backpack,10400746.620000001,10914196.859999998,7455052.5,142001.0,2415.0,3535.5600000000013,2945694.12,3409.488198440001,-0.2515747907019654
2007,Canyon Mule Cooler,6973828.910000001,8229763.62,3551484.0,260518.0,551.39560438,1232.0099999999998,3422344.9099999988,1102.17242673,-0.20011563404651678
2007,Canyon Mule Extreme Backpack,14166402.910000002,14818612.559999999,7686680.64,32178.0,10032.959999999997,19341.840000000015,6479722.27,18499.891198900004,-0.3015418127193118
2007,Canyon Mule Journey Backpack,25037332.529999994,27051640.980000008,15560930.190000001,72943.0,8533.199999999999,14834.400000000007,9476402.339999998,13743.320868899998,-0.19591921755590758
2007,Canyon Mule Weekender Backpack,19476518.080000002,20353366.770000003,11865025.38,71193.0,5666.439999999998,9720.26,7611492.700000001,9309.8710921,-0.2829779896706264
2007,Capri,12886494.6,12886494.6,8306784.3599999985,336462.0,592.8099686100002,919.1999999999996,4579710.240000001,919.1999999999996,0.9330415766948772
2007,Cat Eye,25084637.099999998,25084637.099999998,16543469.899999999,815887.0,467.89702809999994,709.7462956999999,8541167.200000001,709.7462956999999,0.27927263273114145
2007,Compact Relief Kit,277610.0,332511.0,130113.0,14457.0,243.0,621.0,147497.0,576.2046449200001,-0.533862349754459
2007,Course Pro Gloves,2021218.4400000002,3142431.8100000005,748198.0500000002,293411.0,86.69999999999995,364.13999999999993,1273020.39,276.83206105000005,-0.31579327527469137
2007,Course Pro Golf Bag,4646320.26,4868459.999999999,1769339.9999999998,22200.0,3028.5999999999985,8333.400000000005,2876980.260000001,8039.223917400001,-0.33661550961014697
2007,Course Pro Golf and Tee Set,2037578.7400000005,2303006.7199999997,735923.1999999998,216448.0,115.60000000000007,361.7599999999997,1301655.5399999996,339.01712360999994,-0.34993803549728275
2007,Course Pro Putter,8386035.879999999,10687461.400000002,4308842.320000001,163292.0,848.5716433300001,2028.950000000001,4077193.5599999996,1756.4091899100001,-0.47174237345342285
2007,Course Pro Umbrella,2717216.3100000005,2810885.4899999993,1419705.6300000004,219429.0,226.45,448.35,1297510.6800000002,411.16526286000004,-0.3050693613264551
2007,Dante,10415262.500000002,10423230.500000002,6703469.89,228154.0,651.0975986599999,1011.0614832299999,3711792.6099999994,1010.75992977,-0.4854093347725523
2007,Deluxe Family Relief Kit,394990.4,475090.0,190578.95999999996,13574.0,379.08000000000004,945.0,204411.44000000003,849.00106838,-0.5262553524760729
2007,Double Edge,2834567.6400000006,2908222.7199999997,1997655.3899999997,174773.0,365.76000000000016,532.4799999999997,836912.25,520.0922730399999,-0.2363732114409749
2007,Edge Extreme,8147776.34,8576267.26,5732320.0,71654.0,2960.0,4428.530000000001,2415456.3399999994,4207.27,-0.2665690860517723
2007,EverGlow Butane,1666289.1700000004,1750549.5799999994,1050122.98,25846.0,1503.3100000000013,2506.01,616166.1900000001,2408.90527701,-0.3190007696641941
2007,EverGlow Double,563229.9899999998,564523.7499999999,311218.75,10825.0,948.75,1720.950000000001,252011.24000000002,1718.1717142800007,-0.30812202162560354
2007,EverGlow Kerosene,2118045.14,2126154.5000000005,1347800.0,67390.0,700.0,1104.2499999999993,770245.1399999999,1101.1905244699994,-0.30791751402941603
2007,EverGlow Lamp,5368712.840000001,6997941.539999998,2832938.040000001,251634.0,335.3099065400001,806.4899999999994,2535774.8,652.4427838900001,-0.34969786859678575
2007,EverGlow Single,4094352.7000000007,5080280.799999997,2351929.3400000003,140728.0,628.0260531299998,1335.6999999999996,1742423.3599999999,1106.3145166599998,-0.31062793870871397
2007,Fairway,9257413.75,9257413.75,5410042.79,435643.0,285.68553389,488.75,3847370.96,488.75,-0.539454789646967
2007,Firefly 2,3142556.4799999995,3199251.93,1948539.6300000001,116889.0,633.46,1040.06,1194016.85,1025.9922099700002,-0.3342018605115148
2007,Firefly 4,1808817.3199999996,1817419.5199999998,1111194.0,61733.0,666.0,1089.280000000001,697623.3200000002,1086.1687962000008,-0.2909564487708205
2007,Firefly Charger,5533493.159999999,5669930.000000001,2392519.9999999995,107000.0,894.4000000000004,2119.6,3140973.16,2072.4505214,-0.04820416788380766
2007,Firefly Climbing Lamp,2871962.7500000005,3095425.95,1638273.0,77405.0,788.5614122000002,1479.63,1233689.7500000002,1394.6041802400005,0.024071992933952346
2007,Firefly Extreme,1901257.12,1940194.5199999998,1063875.6700000004,35123.0,1090.4399999999994,1988.64,837381.45,1949.2506666700015,-0.3080971562840713
2007,Firefly Lite,1749763.67,1783639.9699999997,815136.75,120761.0,229.5,502.1799999999998,934626.92,493.41203631000013,-0.3060643742256003
2007,Firefly Mapreader,2564279.58,2922246.81,1345417.5,179389.0,285.0,619.02,1218862.08,469.69381640000023,-0.39016667124802207
2007,Firefly Multi-light,1597921.24,1602750.5999999999,1073734.1999999997,60390.0,533.3999999999996,796.1999999999998,524187.04,794.6662809399999,-0.32266278155108474
2007,Firefly Rechargeable Battery,3699120.0799999996,3862712.0,1520942.8500000003,482839.0,119.70000000000007,304.0,2178177.2300000004,293.01439095000006,-0.035237249320230646
2007,Flicker Lantern,1459250.2900000005,1489956.4900000002,663240.8199999997,42461.0,577.94,1298.3300000000002,796009.47,1276.7229370700004,-0.3497219931208595
2007,Glacier Basic,7937222.7299999995,8313006.799999999,5081300.0,254065.0,640.0,1047.0400000000006,2855922.7299999995,964.5993310900001,-0.05150943289260845
2007,Glacier Deluxe,3928757.22,4135443.6400000006,2186931.0,42881.0,1836.0,3471.8400000000015,1741826.2200000002,3298.3199999999974,0.043390737629546816
2007,Glacier GPS,11132416.350000003,11718333.0,7693855.0,118367.0,2340.0,3564.0,3438561.349999999,3385.800000000002,-0.11216686534434983
2007,Glacier GPS Extreme,12034715.22,13032263.599999996,6395449.27,36241.0,5999.9800000000005,12226.400000000007,5639265.949999999,11301.461320500002,-0.047724982705895314
2007,Granite Axe,9985357.599999998,10440000.0,5094720.0,261000.0,702.7199999999997,1440.0,4890637.6,1381.0226406900001,-0.16155367952457322
2007,Granite Belay,6307791.0,6639780.0,3269617.3799999994,94854.0,1275.3900000000008,2590.0,3038173.6200000006,2460.5,-0.003278481810730649
2007,Granite Carabiner,4606363.600000001,4807324.0,2355588.7599999993,1201831.0,70.56,144.0,2250774.84,137.52761904999997,0.09582971468867374
2007,Granite Chalk Bag,1323139.5,1331730.0,631092.0499999999,73985.0,332.6699999999998,702.0,692047.45,699.4960150400001,-0.006971585938011393
2007,Granite Climbing Helmet,8784125.599999998,9246448.0,6564978.08,124952.0,1996.519999999999,2812.0,2219147.5199999996,2671.4000000000005,-0.14382425895218665
2007,Granite Extreme,14159864.0,14905120.0,8667327.280000001,186314.0,1581.6799999999996,2720.0,5492536.719999999,2584.0,-0.15015531420908368
2007,Granite Grip,3109593.5999999996,3188020.0,1576475.8900000006,159401.0,365.92999999999967,740.0,1533117.7100000002,723.8427837500002,-0.16559859967607993
2007,Granite Hammer,5672362.879999999,5970986.879999999,4246433.28,74656.0,2104.5600000000018,2959.26,1425929.6,2811.26,-0.142771845217591
2007,Granite Ice,8377556.0,8818480.0,4295702.069999999,110231.0,1480.8600000000008,3040.0,4081853.9300000006,2888.0,-0.14100805760329138
2007,Granite Pulley,5141335.779999999,5310690.0,2564504.25,139755.0,678.9500000000005,1406.0,2576831.53,1362.54041991,-0.054264666395337446
2007,Granite Shovel,3273724.6599999997,3344682.459999999,2013834.4799999997,55754.0,1336.4399999999991,2219.6299999999997,1259890.1800000004,2173.7860173199992,-0.12089409458604317
2007,Granite Signal Mirror,1534391.0999999999,1841004.0,827805.0099999998,55788.0,590.4408571700003,1287.0,706586.0900000001,1146.70285716,-0.1875397815535932
2007,Hailstorm Steel Irons,14455872.04,15071473.0,7225153.0,32693.0,8840.0,18440.0,7230719.040000001,17877.8207957,-0.2348036165274121
2007,Hailstorm Steel Woods Set,18777140.400000002,19546464.0,9593494.399999999,28084.0,12980.800000000008,26448.0,9183646.0,25668.515751299998,-0.16980823436470605
2007,Hailstorm Titanium Irons,24815535.76,27280211.399999995,13010710.36,29380.0,16774.0341592,35284.139999999985,11804825.4,31856.69256839999,-0.21086249819275327
2007,Hailstorm Titanium Woods Set,31458855.67,33637861.120000005,16135751.55,26464.0,21319.551056000004,44487.80000000004,15323104.120000001,41604.85664999999,-0.19737343275139108
2007,Hawk Eye,18932649.25,18932649.25,10983358.13,442029.0,595.51388398,1028.20926035,7949291.119999998,1028.20926035,-0.1608034991639541
2007,Hibernator,15604883.079999996,16269057.659999996,9528972.0,110802.0,2924.0,4992.219999999998,6075911.080000001,4809.760619399999,-0.30813293180452195
2007,Hibernator Camp Cot,7459939.199999998,7847597.279999999,4934152.8,75111.0,2839.23691581,3970.2400000000002,2525786.3999999994,3819.844922200002,-0.27108400717494097
2007,Hibernator Extreme,17199770.519999996,18051526.61999999,10212450.0,68083.0,6150.0,10870.739999999998,6987320.52,10385.307097399998,-0.3277499092691618
2007,Hibernator Lite,12421933.47,13075031.970000004,8707980.0,145133.0,2160.0,3243.240000000001,3713953.4699999997,3081.240000000001,-0.27238134390839386
2007,Hibernator Pad,3862692.520000001,5226728.999999999,2159327.3600000003,117060.0,642.9138554900002,1473.4500000000005,1703365.1600000001,1196.12340171,-0.31224443098684906
2007,Hibernator Pillow,1578037.4899999998,1812125.5,832950.8000000002,102670.0,298.60838385999995,635.3999999999996,745086.6900000002,580.6465412000001,-0.3049672863311308
2007,Hibernator Self - Inflating Mat,10602751.889999999,11704894.630000003,4782388.0,91969.0,1768.0,4327.18,5820363.890000001,3875.6874371000004,-0.30687373782245253
2007,Husky Harness,5458823.5,5746130.0,3869355.539999999,88402.0,1663.2599999999995,2470.0,1589467.9599999997,2346.5,-0.15014420303787768
2007,Husky Harness Extreme,12236741.0,12880780.0,6315095.139999999,117098.0,2103.2700000000004,4290.0,5921645.859999999,4075.5,-0.14869393897536187
2007,Husky Rope 100,15062895.540000001,15855535.08,10414085.220000004,45738.0,8424.529999999993,12826.419999999996,4648810.32,12185.21,-0.14763324636600772
2007,Husky Rope 200,12014328.850000001,12646685.100000001,8145848.25,21995.0,14814.00000000001,22999.199999999986,3868480.5999999996,21849.199999999986,-0.1499087930075983
2007,Husky Rope 50,7315304.0,7700320.0,4856495.569999998,48127.0,3733.6699999999983,5920.0,2458808.429999999,5624.0,-0.17688005609810364
2007,Husky Rope 60,5052375.5,5318290.0,3541141.410000001,27991.0,4933.890000000005,7410.0,1511234.09,7039.5,-0.10356050356744217
2007,Inferno,31191965.2,31202081.2,17336220.069999997,456724.0,875.8915606400001,1574.7714599600001,13855745.130000003,1574.52685988,-0.11235488826330009
2007,Infinity,25243200.2,25243200.2,13817329.840000004,105161.0,3179.7507638,5785.7673362,11425870.360000003,5785.7673362,-0.36548504020603056
2007,Insect Bite Relief,76842.0,76842.0,35347.32,12807.0,93.84000000000002,204.0,41494.68,204.0,-0.5060361785011763
2007,Kodiak,4300518.6,4300518.6,2286688.72,32099.0,1633.92403801,3077.4981451000003,2013829.8800000001,3077.4981451000003,-0.5005460455165394
2007,Lady Hailstorm Steel Irons,9478428.08,9977342.0,5201889.28,18728.0,8610.560000000005,16515.25,4276538.800000001,15689.410000000007,-0.22462945692506397
2007,Lady Hailstorm Steel Woods Set,12682408.960000003,13349888.739999998,6170597.0,14657.0,13051.0,28235.419999999995,6511811.96,26823.67999999999,-0.2158322501141544
2007,Lady Hailstorm Titanium Irons,14856830.87,15638750.820000002,7388220.0,17591.0,12180.0,25781.58000000001,7468610.870000002,24492.529999999995,-0.25389381279472745
2007,Lady Hailstorm Titanium Woods Set,18647414.279999994,19628917.919999994,8805960.0,14436.0,20740.0,46230.48000000002,9841454.28,43918.82000000002,-0.2102760495681476
2007,Legend,12206917.200000001,12206917.200000001,6865763.48,46241.0,3415.5692936000005,6079.0092122,5341153.72,6079.0092122,-0.44662351957324975
2007,Lux,6878128.3999999985,6878128.3999999985,3527362.52,40345.0,1915.28273002,3741.6086139999998,3350765.88,3741.6086139999998,-0.3516806908905151
2007,Max Gizmo,4826751.199999999,4826751.199999999,2185730.1700000004,119222.0,403.41816994,890.05344167,2641021.0299999993,890.05344167,-0.2263326299685653
2007,Maximus,25516023.249999993,25516023.249999993,12616665.819999998,293091.0,986.1291433499999,1995.52554199,12899357.430000002,1995.52554199,-0.21912965372807847
2007,Mountain Man Analog,3314166.04,3354732.16,2058960.0,68632.0,1140.0,1857.4400000000019,1255206.04,1843.6248278300006,-0.364499089069115
2007,Mountain Man Combination,765112.8200000002,781531.74,358830.0,7974.0,1440.0,3136.3200000000024,406282.81999999995,3083.754846160001,-0.41897873593915236
2007,Mountain Man Deluxe,4563194.48,4795547.75,2293395.0,58805.0,1443.0,3017.3500000000013,2269799.48,2872.9394855399996,-0.08971199909569516
2007,Mountain Man Digital,1011223.8699999999,1028557.59,494380.0,24719.0,680.0,1414.7399999999993,516843.87,1394.0609549199994,-0.10966695585105013
2007,Mountain Man Extreme,1659505.9800000002,1734192.58,684475.2899999998,5891.0,3950.4600000000014,10008.919999999996,975030.69,9627.8169903,-0.1910606889067088
2007,Opera Vision,0.0,0.0,0.0,0.0,0.0,0.0,0.0,0.0,-1.0
2007,Pocket Gizmo,4380582.0,4380582.0,1705208.6500000001,339580.0,110.20513693000001,283.8,2675373.35,283.8,-0.2254619043635161
2007,Polar Extreme,701512.1600000001,723852.3,353872.5,4881.0,2102.5,4300.700000000003,347639.66,4205.640387299999,-0.3040881378720375
2007,Polar Ice,2977308.9,3263328.0,1507693.9800000002,30342.0,1639.7700000000011,3567.3841212999996,1469614.9200000002,3281.6848661899994,-0.13991004367399507
2007,Polar Sports,10416056.989999996,10904226.3,5232606.719999999,88869.0,2119.680000000002,4417.199999999997,5183450.2700000005,4264.998413400001,-0.09861431388778608
2007,Polar Sun,6949863.54,7207513.839999999,2995360.6999999997,116551.0,899.5000000000006,2164.399999999999,3954502.8399999994,2123.6401625,-0.275656531296968
2007,Polar Wave,620141.1399999999,704336.9199999999,297460.67000000004,7366.0,1277.32792377,3059.839999999998,322680.47000000003,2502.2374478999996,-0.18830701460142174
2007,Ranger Vision,10525086.6,10525086.6,4902412.199999999,62559.0,1804.5214401499995,3872.8434104,5622674.399999999,3872.8434104,-0.045690256083151914
2007,Retro,22390232.900000002,22390232.900000002,12012051.04,357386.0,806.5525575700001,1503.6000000000004,10378181.86,1503.6000000000004,-0.25048785629357007
2007,Sam,11623549.300000003,11623549.300000003,6967259.219999998,245741.0,680.33003327,1135.1999999999996,4656290.08,1135.1999999999996,0.2756343813180342
2007,Seeker 35,7754925.779999998,8162712.54,5519075.940000001,77526.0,2349.2700000000013,3474.5699999999993,2235849.84,3300.990000000002,-0.13165322580645156
2007,Seeker 50,5354749.400000001,5636777.409999999,3891229.9799999995,42031.0,3425.4599999999987,4962.070000000001,1463519.4199999995,4713.8,-0.1213153823640093
2007,Seeker Extreme,4891919.06,5149284.629999999,2653148.6799999992,28189.0,3294.1999999999975,6393.450000000002,2238770.380000001,6073.9,-0.08123488950377744
2007,Seeker Mini,2776527.5799999996,2922216.2399999998,1366160.0,34154.0,1480.0,3165.7199999999984,1410367.5799999996,3010.411562780001,-0.2889012335729588
2007,Single Edge,10586757.53,11122523.46,7449827.920000003,870307.0,308.16,460.0799999999996,3136929.6099999994,437.3454658399997,-0.22776269013280936
2007,Sky Pilot,3953752.0,3953752.0,2548881.0499999993,11044.0,5079.4561298,7876.0,1404870.95,7876.0,-0.46292526941263856
2007,Star Dome,20922292.17,21765110.71000001,13241844.0,33439.0,15840.0,26035.599999999988,7680448.170000001,25104.8017352,-0.26687372501817763
2007,Star Gazer 2,31828582.500000004,33503710.5,22582589.249999996,57525.0,13739.949999999993,20384.69999999999,9245993.249999998,19365.49999999999,-0.3212869885317855
2007,Star Gazer 3,18007175.680000003,18954988.799999997,11564288.0,25472.0,16798.0,27533.550000000014,6442887.68,26156.77999999999,-0.3262801523487092
2007,Star Gazer 6,7022218.140000001,7347996.040000001,4328170.0,8833.0,18620.0,31611.44000000001,2694048.140000001,30488.540326600003,-0.34227139288033137
2007,Star Lite,36026810.370000005,37575597.599999994,25380000.0,101520.0,9250.0,13694.80999999999,10646810.37,13177.909255000004,-0.30821838371689325
2007,Star Peg,867170.06,903458.3200000002,438572.0,438572.0,39.0,80.34000000000005,428598.06,77.49211274999999,-0.34708195651448637
2007,Sun Blocker,171380.0,175190.0,68324.10000000002,35038.0,76.05000000000005,195.0,103055.89999999997,171.30840973000005,-0.5442995714980899
2007,Sun Shelter 15,288856.61999999994,297733.8,107883.30000000002,60270.0,55.48999999999998,153.13999999999996,180973.32000000007,126.88065393999999,-0.5418043281366197
2007,Sun Shelter 30,534878.6,565195.0,209122.15,113039.0,70.30000000000001,190.0,325756.4499999999,104.31672567,-0.5309498570487303
2007,Sun Shelter Stick,220915.0,220915.0,86598.67999999996,44183.0,52.920000000000016,135.0,134316.32,135.0,-0.5515372357162431
2007,Sun Shield,345948.0,345948.0,159136.08,57658.0,80.03999999999999,174.0,186811.91999999998,174.0,-0.5222794836528744
2007,TX,18172476.499999996,18172476.499999996,9866172.719999999,95542.0,2517.1662769000004,4633.2478223,8306303.779999999,4633.2478223,-0.4350170516310341
2007,Trail Master,0.0,0.0,0.0,0.0,0.0,0.0,0.0,0.0,
2007,Trail Scout,0.0,0.0,0.0,0.0,0.0,0.0,0.0,0.0,-1.0
2007,Trail Star,0.0,0.0,0.0,0.0,0.0,0.0,0.0,0.0,
2007,TrailChef Canteen,2521932.5100000002,2911203.4599999995,1426675.8800000004,195514.0,303.51681819000004,595.5999999999996,1095256.6300000001,540.0958354999998,-0.14122915258668012
2007,TrailChef Cook Set,8933514.22,9676853.309999999,6122869.99,176167.0,1455.6409732400004,2361.99,2810644.2300000004,1770.9368281199995,-0.3501879562046707
2007,TrailChef Cup,1322032.57,1668290.22,392229.21,455817.0,27.656302080000014,117.11999999999992,929803.3600000001,101.24738073000002,-0.2557877421464477
2007,TrailChef Deluxe Cook Set,11493538.870000001,12098854.68,7420481.64,93269.0,2545.9199999999987,4151.039999999997,4073057.229999999,3943.36,-0.2938232532784155
2007,TrailChef Double Flame,7141235.399999998,7517168.1,3714750.0,49530.0,2700.0,5463.720000000004,3426485.4000000004,5190.4800000000005,-0.29185487238990626
2007,TrailChef Kettle,5284313.2700000005,6520646.020000001,2383376.94,493241.0,160.09778219,423.04000000000036,2900936.33,363.84408095,-0.3577416799425658
2007,TrailChef Kitchen Kit,4186927.7,4307062.199999999,2882836.1700000013,180969.0,509.76000000000016,761.5999999999997,1304091.53,742.0714545400001,-0.2951594238832118
2007,TrailChef Single Flame,9304292.98,9794224.220000003,6803296.68,146686.0,1901.580000000002,2737.5699999999997,2500996.3,2600.629999999999,-0.30463102106216267
2007,TrailChef Utensils,3154464.3,3753313.1700000004,1713883.9999999995,194573.0,332.9563569899999,694.4399999999998,1440580.3,620.9015081599999,-0.37243701040045907
2007,TrailChef Water Bag,4971548.530000001,6244031.589999998,2502280.9699999997,947501.0,104.78438695000004,243.8300000000001,2469267.559999999,213.77670279,-0.31572898006841144
2007,Trendi,7305364.699999999,7305364.699999999,4400699.8999999985,144499.0,702.4757114899999,1163.42924019,2904664.8,1163.42924019,-0.026263732284054875
2007,Venue,9854407.0,9894931.0,5627192.68,135547.0,954.78091227,1679.0,4227214.319999999,1677.83723097,-0.38312686306818144
2007,Zodiak,4842926.700000001,4842926.700000001,2787947.82,43452.0,1472.6079788,2558.8444296,2054978.8800000001,2558.8444296,-0.383971105160001
2007,Zone,28021707.950000003,28033451.150000002,18587392.89,815817.0,551.0413197299999,830.0446258400001,9434315.059999999,829.84617186,-0.4198990405444405
