Year,Retailer country,Order method type,Revenue,Planned revenue,Product cost,Quantity,Unit cost,Unit price,Gross profit,Unit sale price,Gross profit yoy%
2004,Australia,E-mail,0.0,0.0,0.0,0.0,0.0,0.0,0.0,0.0,
2004,Australia,Fax,0.0,0.0,0.0,0.0,0.0,0.0,0.0,0.0,
2004,Australia,Mail,0.0,0.0,0.0,0.0,0.0,0.0,0.0,0.0,
2004,Australia,Sales visit,0.0,0.0,0.0,0.0,0.0,0.0,0.0,0.0,
2004,Australia,Special,0.0,0.0,0.0,0.0,0.0,0.0,0.0,0.0,
2004,Australia,Telephone,0.0,0.0,0.0,0.0,0.0,0.0,0.0,0.0,
2004,Australia,Web,0.0,0.0,0.0,0.0,0.0,0.0,0.0,0.0,
2004,Austria,E-mail,0.0,0.0,0.0,0.0,0.0,0.0,0.0,0.0,
2004,Austria,Fax,921570.4500000001,921570.4500000001,546320.4500000001,20082.0,1481.8181416900002,2602.0572938900004,375249.99999999994,2602.0572938900004,inf
2004,Austria,Mail,0.0,0.0,0.0,0.0,0.0,0.0,0.0,0.0,-1.0
2004,Austria,Sales visit,551825.2,591496.05,349620.98,5534.0,4499.05,8491.079999999998,202204.22000000003,7887.363333370001,inf
2004,Austria,Special,230301.92999999996,261337.55,146475.12,8920.0,960.52,1835.11,83826.81000000001,1678.4699999999996,-0.5854349132772798
2004,Austria,Telephone,8003925.220000002,8644237.229999999,4760532.879999999,201094.0,10418.826325399996,19155.464000000004,3243392.339999999,18006.932347809998,37.69158733345571
2004,Austria,Web,20635166.869999997,21079062.68999999,12188376.440000001,404988.0,10660.00833585,19642.616428570003,8446790.430000002,18469.755936579993,1.6043073253357947
2004,Belgium,E-mail,0.0,0.0,0.0,0.0,0.0,0.0,0.0,0.0,
2004,Belgium,Fax,279876.39,305054.38999999996,174389.99000000002,8161.0,1838.4499999999998,3183.250000000001,105486.4,2935.8149999999996,inf
2004,Belgium,Mail,0.0,0.0,0.0,0.0,0.0,0.0,0.0,0.0,-1.0
2004,Belgium,Sales visit,1197078.5300000005,1272264.1299999997,718424.6799999999,36081.0,6171.180000000001,11175.469999999998,478653.84999999974,10599.74383336,inf
2004,Belgium,Special,252434.77000000002,270014.94,158472.75999999998,7907.0,1616.92666667,2754.4800000000005,93962.01000000002,2581.23333333,-0.8036952800024484
2004,Belgium,Telephone,1276941.2599999998,1285990.74,735088.36,21710.0,4833.68350829,9287.555353539998,541852.9,8954.360353539998,4.7667231682251145
2004,Belgium,Web,13066716.769999998,13506723.629999997,7668252.59,251911.0,10662.632197319997,19645.639092190006,5398464.180000002,18676.594894659996,8.962969986872823
2004,Brazil,E-mail,0.0,0.0,0.0,0.0,0.0,0.0,0.0,0.0,
2004,Brazil,Fax,2473209.4899999998,2646764.7100000004,1498902.8,75209.0,6302.0599999999995,11340.869999999997,974306.6900000002,10600.68666664,inf
2004,Brazil,Mail,0.0,0.0,0.0,0.0,0.0,0.0,0.0,0.0,-1.0
2004,Brazil,Sales visit,218828.98,233900.25,123356.19,1012.0,2280.62,4541.65,95472.79000000001,4234.389999999999,inf
2004,Brazil,Special,86474.5,86474.5,51118.31,2031.0,589.77,1009.05,35356.19,1009.05,-0.6296726009578226
2004,Brazil,Telephone,3187848.580000002,3352938.3999999994,1835802.98,66863.0,9381.83274455,17401.7011364,1352045.6,16386.975136099994,37.240704103015624
2004,Brazil,Web,23244646.060000002,24395552.35999999,13846743.979999997,489422.0,10663.40178321,19643.565529520005,9397902.079999998,18384.73953054001,5.950876568068413
2004,Canada,E-mail,30922104.95999999,32543709.240000002,18305668.53,672908.0,10663.71621975,19642.281344230003,12616436.429999996,18428.741386120004,
2004,Canada,Fax,2645126.6999999997,2732764.29,1555242.6900000004,44329.0,6657.868749979998,12400.586309589997,1089884.01,11735.996309589997,-0.9136139577885544
2004,Canada,Mail,0.0,0.0,0.0,0.0,0.0,0.0,0.0,0.0,-1.0
2004,Canada,Sales visit,379432.95999999996,406324.13,220576.1,10705.0,1289.4899999999998,2503.8500000000004,158856.86000000002,2347.28,inf
2004,Canada,Special,4766294.799999999,5164420.93,2805555.6499999994,106150.0,8994.574999999999,16754.739999999998,1960739.15,15585.80049999,11.342804396360345
2004,Canada,Telephone,941404.4899999998,1000033.2899999998,603339.4100000001,26866.0,2505.2850000000003,4290.050000000001,338065.0800000001,4086.4300000000003,-0.8275828378292951
2004,Canada,Web,19617312.610000007,20672274.08000001,11932656.049999997,442631.0,10663.153918699998,19632.89299114,7684656.56,18409.429545309995,21.7312935130715
2004,China,E-mail,0.0,0.0,0.0,0.0,0.0,0.0,0.0,0.0,
2004,China,Fax,2617721.2600000002,3000044.4000000004,1444421.03,17539.0,3872.77666667,7760.580000000001,1173300.2299999997,7073.988333299999,inf
2004,China,Mail,0.0,0.0,0.0,0.0,0.0,0.0,0.0,0.0,-1.0
2004,China,Sales visit,111523.3,120736.31,80400.08,2428.0,124.47999999999999,189.41000000000003,31123.22,176.9,inf
2004,China,Special,2965192.670000001,3220641.08,1682568.2899999998,42206.0,4802.7,9343.939999999997,1282624.38,8620.105000000001,40.211172237319914
2004,China,Telephone,11757509.540000001,12798343.750000002,6623340.6099999985,137776.0,8610.33134501,16137.369162129997,5134168.93,15122.314063020003,3.002862420251204
2004,China,Web,50969747.459999986,53666791.21000001,31195875.08,1314010.0,6501.0704747499985,11342.336991620003,19773872.379999995,10718.319544209997,2.8514261313953293
2004,Denmark,E-mail,13152.01,13919.300000000001,6316.599999999999,143.0,175.84,390.16,6835.41,371.4,
2004,Denmark,Fax,0.0,0.0,0.0,0.0,0.0,0.0,0.0,0.0,-1.0
2004,Denmark,Mail,147715.59999999998,158092.19,94157.53,1580.0,705.37,1269.37,53558.06999999999,1185.3700000000001,inf
2004,Denmark,Sales visit,791684.4099999999,858861.5599999997,487949.90000000014,22871.0,3971.5833333400005,7106.429999999999,303734.50999999995,6626.71,4.671125005064596
2004,Denmark,Special,0.0,0.0,0.0,0.0,0.0,0.0,0.0,0.0,-1.0
2004,Denmark,Telephone,5636894.66,6117399.460000001,3392722.59,151300.0,8843.87558341,16265.486666699997,2244172.0699999994,15106.585119149999,inf
2004,Denmark,Web,7525044.900000001,7764179.35,4570658.710000002,163143.0,8108.165442850001,14749.41389581,2954386.189999999,13939.632229099996,0.31647043891781435
2004,Finland,E-mail,0.0,0.0,0.0,0.0,0.0,0.0,0.0,0.0,
2004,Finland,Fax,2172381.5799999996,2350739.85,1355733.8500000006,66988.0,3801.32,6625.93,816647.7300000002,6160.43833334,inf
2004,Finland,Mail,0.0,0.0,0.0,0.0,0.0,0.0,0.0,0.0,-1.0
2004,Finland,Sales visit,5948274.539999999,6587720.3500000015,3602029.179999999,132435.0,8460.661666670001,15574.359999999993,2346245.36,14271.0073333,inf
2004,Finland,Special,0.0,0.0,0.0,0.0,0.0,0.0,0.0,0.0,-1.0
2004,Finland,Telephone,2662329.6000000006,2911309.600000001,1617461.0699999996,88426.0,4297.878333330001,7487.549999999999,1044868.5299999998,6982.5633333,inf
2004,Finland,Web,25570341.03999999,26896994.590000004,15377905.680000005,528843.0,10664.08217889,19643.003930690003,10192435.36,18413.02422308999,8.754753892338973
2004,France,E-mail,112806.26,120936.08000000002,61512.22,863.0,748.25,1434.78,51294.04,1335.71,
2004,France,Fax,3709656.9,3973028.9899999993,2134925.03,63526.0,8311.5842897,15644.006968299998,1574731.8700000003,14475.64565864,29.700094396931892
2004,France,Mail,3410010.7799999984,3742629.5099999993,2167255.1799999992,90510.0,6108.130000000001,11100.909999999998,1242755.5999999996,10052.168666739999,-0.21081447345064575
2004,France,Sales visit,11758398.18,12729271.969999999,7126165.93,341942.0,8676.997030300001,16101.869999999994,4632232.249999999,14976.552659949997,2.7273879514202153
2004,France,Special,0.0,0.0,0.0,0.0,0.0,0.0,0.0,0.0,-1.0
2004,France,Telephone,21165631.720000014,22505385.180000003,12461861.560000004,447532.0,10654.74978737,19638.430076740002,8703770.160000002,18391.22867945,inf
2004,France,Web,26889356.13000001,27725343.859999996,15966621.07,540862.0,10627.708103179999,19560.302249390003,10922735.059999997,18306.350783789992,0.2549429568117174
2004,Germany,E-mail,24021395.909999996,26025977.82,14406736.419999998,516539.0,10655.47589807,19639.444906830005,9614659.490000002,18358.232007370003,
2004,Germany,Fax,2426959.5800000005,2512503.6100000003,1432334.2799999996,43135.0,6687.57327283,12368.494757639995,994625.2999999999,11694.424757639998,-0.8965511674090499
2004,Germany,Mail,1155641.9899999998,1238594.96,714435.6099999999,31229.0,3287.48,5684.030000000001,441206.37999999995,5268.9400000000005,-0.5564094538918325
2004,Germany,Sales visit,8785679.130000003,9469734.809999999,5392793.490000001,262042.0,5112.860000000001,9019.579999999996,3392885.6400000006,8424.79887299,6.690019441695292
2004,Germany,Special,0.0,0.0,0.0,0.0,0.0,0.0,0.0,0.0,-1.0
2004,Germany,Telephone,451097.39999999997,468467.39999999997,271321.47000000003,8973.0,1316.34099997,2303.65000004,179775.93000000005,2290.79285718,inf
2004,Germany,Web,24698591.4,25474141.79,14551462.379999995,489016.0,10608.184047399998,19540.436670690004,10147129.02,18301.521268770004,55.443201378516
2004,Italy,E-mail,9188335.119999997,10055451.139999999,5380904.500000002,179046.0,9156.7925,17013.760000000002,3807430.62,15737.542532149999,
2004,Italy,Fax,378250.27999999997,403964.41,231129.32,11274.0,1219.05,2139.49,147120.96000000002,2003.94,-0.9613595165130021
2004,Italy,Mail,0.0,0.0,0.0,0.0,0.0,0.0,0.0,0.0,-1.0
2004,Italy,Sales visit,8952708.180000005,9733410.310000002,5598007.8,235766.0,6237.045714290001,11239.959999999995,3354700.3800000004,10397.700622889997,inf
2004,Italy,Special,312795.32999999996,334077.43,199188.18999999997,7857.0,940.48,1544.9500000000003,113607.13999999998,1461.02,-0.9661349369149921
2004,Italy,Telephone,478519.31,493112.7799999999,272220.08,11156.0,2273.86,4244.700000000001,206299.23,4094.2700000000004,0.8159002154266011
2004,Italy,Web,12706717.350000005,12939634.400000002,7367044.710000002,248196.0,9520.17945816,17698.27975948,5339672.639999998,16670.6051281,24.883143819780607
2004,Japan,E-mail,15119507.030000001,16458560.479999995,8899217.51,293332.0,8892.84273993,16466.729999999996,6220289.52,15234.278554659997,
2004,Japan,Fax,3558301.259999999,3723047.87,2100766.2899999996,101913.0,5565.673758040002,9732.30602812,1457534.9699999997,9263.556861449999,-0.7656805257514766
2004,Japan,Mail,1904901.82,2089821.6999999997,1151202.87,36349.0,6237.749999999999,11791.279999999997,753698.9500000003,10955.105,-0.48289477404442627
2004,Japan,Sales visit,624677.45,669150.57,413531.1200000001,21369.0,1044.3399999999997,1675.3700000000001,211146.33000000002,1564.2250000000006,-0.7198532252167793
2004,Japan,Special,1172095.3600000003,1193867.26,681842.7699999999,28851.0,2266.80057848,3962.91392917,490252.58999999985,3873.99392917,1.3218617628826408
2004,Japan,Telephone,23314524.449999996,25322929.610000014,14185273.489999998,577575.0,10657.625776269997,19634.178769860006,9129250.960000006,18342.65712128999,17.62152520193725
2004,Japan,Web,30087100.960000016,30883028.350000005,17886810.820000008,590142.0,10661.751774029999,19641.793376300004,12200290.139999993,18358.335027089997,0.3363955261451137
2004,Korea,E-mail,2473891.2,2667367.4200000004,1480263.4,61984.0,5238.080000000001,9757.889999999996,993627.7999999999,9067.443333359999,
2004,Korea,Fax,0.0,0.0,0.0,0.0,0.0,0.0,0.0,0.0,-1.0
2004,Korea,Mail,4040234.9999999995,4393339.71,2239173.0700000003,44692.0,5355.9,10373.449999999997,1801061.9300000004,9575.62,inf
2004,Korea,Sales visit,16435216.739999995,17739537.110000003,10250602.080000002,456856.0,8519.1475,15572.779999999995,6184614.660000004,14490.849959409998,2.4338711828748734
2004,Korea,Special,0.0,0.0,0.0,0.0,0.0,0.0,0.0,0.0,-1.0
2004,Korea,Telephone,0.0,0.0,0.0,0.0,0.0,0.0,0.0,0.0,
2004,Korea,Web,19201831.61,20518479.080000002,11372108.660000004,406207.0,10610.2938699,19547.97362662,7829722.949999999,18229.715936970002,inf
2004,Mexico,E-mail,0.0,0.0,0.0,0.0,0.0,0.0,0.0,0.0,
2004,Mexico,Fax,1058546.75,1058546.75,606625.5199999999,17671.0,1492.44825802,2617.29660714,451921.2299999999,2617.29660714,inf
2004,Mexico,Mail,0.0,0.0,0.0,0.0,0.0,0.0,0.0,0.0,-1.0
2004,Mexico,Sales visit,13404470.750000002,14528366.500000002,8278304.930000002,316485.0,9167.67666667,17030.4,5126165.82,15766.365857659994,inf
2004,Mexico,Special,1526514.7300000002,1634611.6,924342.9400000002,55091.0,3243.9399999999996,5726.05,602171.7899999999,5351.675000000001,-0.8825297871460585
2004,Mexico,Telephone,4125474.1200000006,4370401.159999999,2358591.7,84819.0,8734.368611889999,16089.870853499995,1766882.4200000002,15130.066424949997,1.9341833166910734
2004,Mexico,Web,7702401.850000003,8211924.340000002,4529121.88,154569.0,9361.36889602,17205.709276080004,3173279.9699999997,16056.136998340002,0.7959768766050654
2004,Netherlands,E-mail,2497455.9699999997,2678237.1199999996,1514382.7499999998,74154.0,4609.2699999999995,8566.999999999998,983073.2200000002,7970.999000000001,
2004,Netherlands,Fax,497965.92000000004,532226.67,298401.57999999996,17899.0,1392.7399999999996,2464.9799999999996,199564.34,2299.9000000000005,-0.7969995154582687
2004,Netherlands,Mail,4005655.7599999993,4436277.829999997,2379153.3700000006,99466.0,6436.537333330001,11828.979999999996,1626502.3899999997,10861.643952330001,7.1502656737170565
2004,Netherlands,Sales visit,0.0,0.0,0.0,0.0,0.0,0.0,0.0,0.0,-1.0
2004,Netherlands,Special,0.0,0.0,0.0,0.0,0.0,0.0,0.0,0.0,
2004,Netherlands,Telephone,9470531.489999998,10276021.24,5582532.740000002,168030.0,9678.701499999997,17922.660000000003,3887998.749999999,16724.08124599,inf
2004,Netherlands,Web,18913671.85000001,19675462.240000002,11435306.569999998,401807.0,9836.59851414,17991.676632760005,7478365.28,16659.477502079997,0.9234484784749486
2004,Singapore,E-mail,300990.52,323367.6,169405.61,1159.0,1921.51,3632.02,131584.91,3378.0899999999997,
2004,Singapore,Fax,2408243.41,2569328.5300000003,1481708.57,82877.0,3762.47333333,6731.62333337,926534.8400000001,6381.0983333700015,6.041345698378333
2004,Singapore,Mail,1375585.4899999998,1478875.3600000003,740955.43,8410.0,4112.930000000001,8180.840000000001,634630.06,7590.802999999998,-0.31504997696578796
2004,Singapore,Sales visit,12233419.890000002,13346349.23,7682909.249999998,309748.0,9146.951,16988.789999999997,4550510.639999999,15635.061182889996,6.170335801616454
2004,Singapore,Special,2307814.03,2503704.2399999993,1435925.1800000002,67951.0,3043.7699999999995,5451.04,871888.8499999999,5047.787999999999,-0.8083975801889346
2004,Singapore,Telephone,6292643.01,6889784.9799999995,3756408.3999999994,151413.0,6589.31380953,12194.879999999996,2536234.61,11296.409273819996,1.9088967131532883
2004,Singapore,Web,16441874.539999997,17055799.919999998,9541215.990000002,318028.0,9536.516551519999,17832.80584724,6900658.549999995,16624.90241876,1.720828161082462
2004,Spain,E-mail,1972740.31,2144421.5100000002,1216569.7200000002,37590.0,6320.255000000001,11613.439999999995,756170.59,10760.99733333,
2004,Spain,Fax,1348370.3799999997,1460105.0699999996,739751.4400000002,44308.0,5176.08,10140.819999999996,608618.9400000001,9436.416666329998,-0.1951301094637916
2004,Spain,Mail,2178838.27,2382676.63,1252670.4799999997,40953.0,6648.585,12528.569999999998,926167.7899999999,11678.09583333,0.5217531514875298
2004,Spain,Sales visit,344499.91000000003,367568.92,207897.57999999996,11133.0,898.0499999999998,1627.37,136602.33,1522.41,-0.8525080104545635
2004,Spain,Special,66172.2,66172.2,38132.17,1106.0,746.6799999999998,1353.4,28040.03,1353.4,-0.7947324178145424
2004,Spain,Telephone,392627.88,422519.2000000001,236397.09999999995,11552.0,2313.65,4204.22,156230.78,3923.7249999999995,4.571705165793332
2004,Spain,Web,21999446.530000005,23214823.209999997,13179932.330000004,497123.0,10665.5522846,19644.161456240003,8819514.199999997,18344.130533690008,55.45183490730826
2004,Sweden,E-mail,5668362.94,6165960.060000002,3287417.2300000004,95347.0,8092.040666670002,15157.159999999994,2380945.7100000004,14052.896039719999,
2004,Sweden,Fax,156665.52999999997,166732.31999999998,100934.45999999999,4732.0,792.33,1495.32,55731.07,1412.49,-0.9765928850179453
2004,Sweden,Mail,0.0,0.0,0.0,0.0,0.0,0.0,0.0,0.0,-1.0
2004,Sweden,Sales visit,0.0,0.0,0.0,0.0,0.0,0.0,0.0,0.0,
2004,Sweden,Special,0.0,0.0,0.0,0.0,0.0,0.0,0.0,0.0,
2004,Sweden,Telephone,320052.73000000004,350094.31999999995,206995.62,7480.0,1933.81,3207.85,113057.11,3044.1300000000006,inf
2004,Sweden,Web,8630829.08,8859240.169999998,5296764.349999999,170656.0,6046.650578449999,10687.309075489999,3334064.729999999,10135.524837449999,28.490093369625306
2004,Switzerland,E-mail,0.0,0.0,0.0,0.0,0.0,0.0,0.0,0.0,
2004,Switzerland,Fax,0.0,0.0,0.0,0.0,0.0,0.0,0.0,0.0,
2004,Switzerland,Mail,0.0,0.0,0.0,0.0,0.0,0.0,0.0,0.0,
2004,Switzerland,Sales visit,0.0,0.0,0.0,0.0,0.0,0.0,0.0,0.0,
2004,Switzerland,Special,0.0,0.0,0.0,0.0,0.0,0.0,0.0,0.0,
2004,Switzerland,Telephone,0.0,0.0,0.0,0.0,0.0,0.0,0.0,0.0,
2004,Switzerland,Web,0.0,0.0,0.0,0.0,0.0,0.0,0.0,0.0,
2004,United Kingdom,E-mail,0.0,0.0,0.0,0.0,0.0,0.0,0.0,0.0,
2004,United Kingdom,Fax,88910.81999999999,94439.70999999999,44313.29000000001,10270.0,191.7,349.54999999999995,44597.53,328.52,inf
2004,United Kingdom,Mail,0.0,0.0,0.0,0.0,0.0,0.0,0.0,0.0,-1.0
2004,United Kingdom,Sales visit,141860.4,151562.67,81924.26,9349.0,300.44000000000005,544.28,59936.14000000001,507.52,inf
2004,United Kingdom,Special,0.0,0.0,0.0,0.0,0.0,0.0,0.0,0.0,-1.0
2004,United Kingdom,Telephone,21620372.82000001,23562332.37,12989526.590000002,479835.0,9167.875940220001,17030.4,8630846.229999997,15772.143249710005,inf
2004,United Kingdom,Web,36435314.900000006,38101625.970000006,21906516.970000003,827975.0,10653.15765095,19633.531005020002,14528797.929999998,18368.00982117,0.6833572911424703
2004,United States,E-mail,3112053.98,3327830.469999999,1786731.2899999998,53330.0,8175.88466667,15177.828333299994,1325322.69,14283.628333299997,
2004,United States,Fax,1897715.4400000004,2013045.3199999996,1160309.4400000002,58873.0,4466.3883333,7676.086666699999,737406.0000000001,7308.945000030002,-0.4436026746059858
2004,United States,Mail,4548265.799999997,4897031.0600000005,2657886.4299999997,135546.0,6479.485,12141.209999999997,1890379.37,11265.012456370005,1.5635530087902727
2004,United States,Sales visit,19193142.549999993,20707302.03,11731399.710000005,464309.0,9145.45214286,16995.4,7461742.839999996,15803.092855490002,2.9472197794879635
2004,United States,Special,219828.42999999996,238156.7,135995.81,11951.0,431.99000000000007,845.03,83832.61999999998,786.6500000000002,-0.9887650081492222
2004,United States,Telephone,57695252.07999999,61961794.720000006,34998687.469999984,1337498.0,10656.637452359999,19639.909087220003,22696564.610000007,18319.408973250003,269.7366727891841
2004,United States,Web,89435352.73999994,92806940.99,52609680.54000002,1811301.0,10659.443125669997,19641.1482633,36825672.199999996,18378.956412179996,0.6225218588268098
2005,Australia,E-mail,171407.28000000006,180611.22,115586.68999999999,3729.0,464.04,748.4899999999999,55820.590000000004,712.4399999999998,inf
2005,Australia,Fax,0.0,0.0,0.0,0.0,0.0,0.0,0.0,0.0,-1.0
2005,Australia,Mail,127908.29,134869.13,78864.63,2845.0,701.0999999999999,1162.07,49043.66,1101.3600000000001,inf
2005,Australia,Sales visit,6279723.38,6648921.760000001,3669350.689999998,120911.0,10153.347714290001,18497.86,2610372.69,17476.15690524001,52.22548704562424
2005,Australia,Special,485851.49999999994,519547.89,322274.06,8379.0,1659.9799999999998,2687.7899999999995,163577.43999999994,2528.44,-0.9373355993852357
2005,Australia,Telephone,7657366.449999996,8251356.12,4475000.5699999975,170876.0,10236.52461905,18686.73,3182365.8800000018,17599.237388880007,18.454796945104427
2005,Australia,Web,10884786.599999996,11297604.089999998,6586473.240000003,215446.0,9803.979414589998,17730.76451787,4298313.3599999985,16839.32332099,0.3506659894179094
2005,Austria,E-mail,0.0,0.0,0.0,0.0,0.0,0.0,0.0,0.0,-1.0
2005,Austria,Fax,0.0,0.0,0.0,0.0,0.0,0.0,0.0,0.0,
2005,Austria,Mail,0.0,0.0,0.0,0.0,0.0,0.0,0.0,0.0,
2005,Austria,Sales visit,1323117.8299999998,1432552.9000000004,858132.31,15902.0,5811.388333299999,10601.079999999996,464985.52,9715.015000000001,inf
2005,Austria,Special,0.0,0.0,0.0,0.0,0.0,0.0,0.0,0.0,-1.0
2005,Austria,Telephone,6485790.320000001,6925111.620000001,3812136.6499999994,171682.0,9417.185202370003,17108.51,2673653.669999999,16095.100594910005,inf
2005,Austria,Web,26759181.479999993,27636918.24,15756661.849999994,514550.0,12105.10448554,21843.428822490005,11002519.629999999,20786.396949620004,3.115162615657698
2005,Belgium,E-mail,0.0,0.0,0.0,0.0,0.0,0.0,0.0,0.0,-1.0
2005,Belgium,Fax,0.0,0.0,0.0,0.0,0.0,0.0,0.0,0.0,
2005,Belgium,Mail,0.0,0.0,0.0,0.0,0.0,0.0,0.0,0.0,
2005,Belgium,Sales visit,4952560.910000002,5254750.180000001,2962888.750000001,122002.0,5212.8780555600015,9142.05,1989672.1599999992,8650.15550217,inf
2005,Belgium,Special,0.0,0.0,0.0,0.0,0.0,0.0,0.0,0.0,-1.0
2005,Belgium,Telephone,0.0,0.0,0.0,0.0,0.0,0.0,0.0,0.0,
2005,Belgium,Web,25443736.579999994,26746568.3,15115749.389999997,513692.0,11233.94822862,20506.66259717,10327987.189999998,19472.772571399997,inf
2005,Brazil,E-mail,0.0,0.0,0.0,0.0,0.0,0.0,0.0,0.0,-1.0
2005,Brazil,Fax,0.0,0.0,0.0,0.0,0.0,0.0,0.0,0.0,
2005,Brazil,Mail,0.0,0.0,0.0,0.0,0.0,0.0,0.0,0.0,
2005,Brazil,Sales visit,0.0,0.0,0.0,0.0,0.0,0.0,0.0,0.0,
2005,Brazil,Special,0.0,0.0,0.0,0.0,0.0,0.0,0.0,0.0,
2005,Brazil,Telephone,0.0,0.0,0.0,0.0,0.0,0.0,0.0,0.0,
2005,Brazil,Web,34234876.300000004,35916138.59,20398621.919999994,688643.0,12103.664239210002,21846.237822180003,13836254.380000003,20731.978710600004,inf
2005,Canada,E-mail,16156474.210000012,16776192.46,9543209.410000004,295801.0,11960.51239116,21540.568875210007,6613264.8,20460.702964430002,-0.13941960211687066
2005,Canada,Fax,195549.5,195549.5,115928.61000000003,3281.0,867.33,1525.155,79620.89,1525.155,-0.9879604261423193
2005,Canada,Mail,1830815.3699999994,1939293.91,1100248.6199999999,43547.0,6079.450000000003,10783.509999999998,730566.7500000001,10175.472000000002,8.175566236448752
2005,Canada,Sales visit,1835205.71,1940191.0999999999,1086224.1000000003,50635.0,3377.48,5989.3499999999985,748981.6099999999,5681.217166660002,0.025206266230977104
2005,Canada,Special,0.0,0.0,0.0,0.0,0.0,0.0,0.0,0.0,-1.0
2005,Canada,Telephone,1785613.6199999996,1917266.3499999999,1159452.5199999996,20650.0,4536.3733333,8250.960000000001,626161.1,7710.96000003,inf
2005,Canada,Web,53624727.680000015,55923865.71,31962967.669999998,1085747.0,12115.246121339998,21844.064884260006,21661760.01,20768.52567732,33.5945476491593
2005,China,E-mail,0.0,0.0,0.0,0.0,0.0,0.0,0.0,0.0,-1.0
2005,China,Fax,3198502.459999999,3433110.5400000005,1686767.74,23633.0,3872.9900000000002,7648.620000000001,1511734.7200000002,7177.780000000001,inf
2005,China,Mail,757563.0200000001,804016.9699999999,490663.2799999999,6705.0,1984.8000000000002,3161.53,266899.74,2975.96,-0.8234480319404188
2005,China,Sales visit,5491791.359999999,5915546.599999998,3649419.5399999996,83036.0,4034.04333333,6707.4299999999985,1842371.8200000005,6263.495000060001,5.9028610518691425
2005,China,Special,0.0,0.0,0.0,0.0,0.0,0.0,0.0,0.0,-1.0
2005,China,Telephone,8706196.520000001,9308050.97,4918783.3,142438.0,8724.213333329999,16067.389999999994,3787413.220000001,15086.54783334,inf
2005,China,Web,60926434.439999975,63796809.179999985,36417409.410000026,1354989.0,12105.407725450003,21839.577501250005,24509025.030000016,20702.241982029995,5.471177979887816
2005,Denmark,E-mail,0.0,0.0,0.0,0.0,0.0,0.0,0.0,0.0,-1.0
2005,Denmark,Fax,0.0,0.0,0.0,0.0,0.0,0.0,0.0,0.0,
2005,Denmark,Mail,0.0,0.0,0.0,0.0,0.0,0.0,0.0,0.0,
2005,Denmark,Sales visit,2522327.379999999,2664694.37,1519726.2299999997,67496.0,4733.069333330002,8213.23,1002601.1499999998,7776.11750002,inf
2005,Denmark,Special,0.0,0.0,0.0,0.0,0.0,0.0,0.0,0.0,-1.0
2005,Denmark,Telephone,0.0,0.0,0.0,0.0,0.0,0.0,0.0,0.0,
2005,Denmark,Web,13370939.18,13817603.379999995,7939483.849999999,283692.0,9507.89824239,16844.60943989,5431455.330000002,15962.05099627,inf
2005,Finland,E-mail,0.0,0.0,0.0,0.0,0.0,0.0,0.0,0.0,-1.0
2005,Finland,Fax,0.0,0.0,0.0,0.0,0.0,0.0,0.0,0.0,
2005,Finland,Mail,0.0,0.0,0.0,0.0,0.0,0.0,0.0,0.0,
2005,Finland,Sales visit,2119424.9600000004,2244891.0900000003,1259166.3600000006,69469.0,3922.8149999999996,6683.739999999998,860258.6,6320.71083334,inf
2005,Finland,Special,0.0,0.0,0.0,0.0,0.0,0.0,0.0,0.0,-1.0
2005,Finland,Telephone,0.0,0.0,0.0,0.0,0.0,0.0,0.0,0.0,
2005,Finland,Web,45707222.440000005,48208105.820000045,27319957.640000015,902766.0,12096.613669919996,21842.635647810002,18387264.799999993,20684.988036599996,inf
2005,France,E-mail,0.0,0.0,0.0,0.0,0.0,0.0,0.0,0.0,-1.0
2005,France,Fax,3470121.05,3713688.499999999,2064600.6500000001,73104.0,8219.186666670003,14825.809999999998,1405520.4000000001,13964.720524870008,inf
2005,France,Mail,0.0,0.0,0.0,0.0,0.0,0.0,0.0,0.0,-1.0
2005,France,Sales visit,4403942.329999999,4758226.99,2607741.899999999,110607.0,6515.771702390002,11588.509999999997,1796200.4300000006,10838.842131010004,inf
2005,France,Special,0.0,0.0,0.0,0.0,0.0,0.0,0.0,0.0,-1.0
2005,France,Telephone,16894761.51,18135647.219999995,9964775.029999997,359648.0,11703.497031160001,21232.244353590006,6929986.48,20013.30634919,inf
2005,France,Web,47469000.09999998,49113932.77000003,28329205.17000001,934517.0,12107.48004847,21845.658336670003,19139794.92999999,20770.53528052,1.7618805585317658
2005,Germany,E-mail,8794978.660000006,9456610.860000003,5167855.920000003,228887.0,10144.36964978,18523.28,3627122.740000001,17385.821744310004,-0.6425468984526619
2005,Germany,Fax,0.0,0.0,0.0,0.0,0.0,0.0,0.0,0.0,-1.0
2005,Germany,Mail,3345619.3600000003,3585220.3200000003,2152754.469999999,66197.0,4714.675000000003,8069.4699999999975,1192864.8900000001,7541.16733334,inf
2005,Germany,Sales visit,6143955.65,6507282.66,3664820.700000002,151928.0,7210.334107140001,12863.109999999995,2479134.95,12101.672142790003,1.0783032267803607
2005,Germany,Special,0.0,0.0,0.0,0.0,0.0,0.0,0.0,0.0,-1.0
2005,Germany,Telephone,34250.0,50005.0,32462.15,137.0,236.95,365.0,1787.85,250.0,inf
2005,Germany,Web,46919241.65999999,48868318.400000006,27775782.61000001,900527.0,12107.090763989998,21846.630652430005,19143459.050000004,20738.091094500003,10706.53086109014
2005,Italy,E-mail,6467456.639999999,6954554.21,3829291.1499999985,139622.0,8834.31892854,16350.689999999995,2638165.4899999998,15361.59510628,-0.5059312306456298
2005,Italy,Fax,1525464.97,1610042.08,907273.23,44351.0,2943.1659999999993,4989.039999999999,618191.74,4759.442499999999,-0.7656736310351782
2005,Italy,Mail,0.0,0.0,0.0,0.0,0.0,0.0,0.0,0.0,-1.0
2005,Italy,Sales visit,3281900.339999999,3493341.9199999995,2031081.63,74655.0,5250.683333340002,9139.529999999997,1250818.71,8584.68238093,inf
2005,Italy,Special,289214.47000000003,328464.4,168099.69,10519.0,1690.52,3302.6400000000003,121114.78,3103.5600000000004,-0.9031715955064343
2005,Italy,Telephone,0.0,0.0,0.0,0.0,0.0,0.0,0.0,0.0,-1.0
2005,Italy,Web,34571888.729999974,36115844.61999998,20414167.13,677720.0,12111.74419344,21850.173895600004,14157721.599999996,20717.199535350002,inf
2005,Japan,E-mail,9311276.060000002,10018945.740000002,5600847.089999999,202903.0,8211.4723052,15140.339999999995,3710428.969999998,14153.453155459998,-0.6958737105902959
2005,Japan,Fax,821487.69,884806.7000000002,474909.87,28757.0,2162.150000000001,3770.8899999999994,346577.82,3563.1433333300006,-0.9065935979903692
2005,Japan,Mail,1616849.2199999995,1721333.91,932520.0699999998,46364.0,7168.120000000001,13366.309999999996,684329.1499999999,12495.679833330001,0.9745324441131284
2005,Japan,Sales visit,281950.17,305655.26,170180.32,4595.0,1902.55,3597.61,111769.84999999999,3380.79,-0.8366723819962952
2005,Japan,Special,364565.5000000001,385529.1,213537.99,4780.0,2490.72933333,4848.088333330001,151027.50999999995,4584.353333329999,0.3512365812426157
2005,Japan,Telephone,2640679.879999999,2828917.3099999996,1543053.3599999999,77789.0,7793.246666700002,14415.429999999998,1097626.52,13636.431642860001,6.2677257275843345
2005,Japan,Web,71303421.14000003,74465746.33000003,42385296.73000003,1384149.0,12102.62960101,21838.766065330008,28918124.410000015,20728.448173799996,25.34605112310881
2005,Korea,E-mail,0.0,0.0,0.0,0.0,0.0,0.0,0.0,0.0,-1.0
2005,Korea,Fax,0.0,0.0,0.0,0.0,0.0,0.0,0.0,0.0,
2005,Korea,Mail,0.0,0.0,0.0,0.0,0.0,0.0,0.0,0.0,
2005,Korea,Sales visit,6549341.46,6979582.86,3938458.0399999986,171690.0,5977.485000000002,10299.269999999997,2610883.419999999,9676.983952380002,inf
2005,Korea,Special,570265.85,602311.74,354125.33999999997,19334.0,1130.3699999999994,2028.5500000000002,216140.50999999992,1925.65333337,-0.9172155645310276
2005,Korea,Telephone,4999402.03,5422491.239999998,2873105.8600000003,72277.0,7413.8825000000015,13880.179999999997,2126296.1699999995,13080.209999999997,8.837564323319123
2005,Korea,Web,38725963.690000005,41045465.980000004,23182023.459999997,788181.0,12112.784487859999,21844.935002250004,15543940.230000002,20664.00097139,6.3103363723784565
2005,Mexico,E-mail,0.0,0.0,0.0,0.0,0.0,0.0,0.0,0.0,-1.0
2005,Mexico,Fax,0.0,0.0,0.0,0.0,0.0,0.0,0.0,0.0,
2005,Mexico,Mail,720420.8700000002,767766.1,421072.3699999999,18663.0,1730.2100000000003,3121.5899999999992,299348.5,2937.89,inf
2005,Mexico,Sales visit,19257685.62,20577156.250000015,11829790.039999995,381635.0,10157.33717063,18530.28,7427895.579999998,17401.371109070005,23.813538668140975
2005,Mexico,Special,1725508.5399999998,1841595.65,1027289.5099999998,51365.0,3096.2399999999993,5411.719999999998,698219.0299999998,5110.5199999999995,-0.9060004246855609
2005,Mexico,Telephone,0.0,0.0,0.0,0.0,0.0,0.0,0.0,0.0,-1.0
2005,Mexico,Web,20659956.939999986,21827987.240000002,12060617.26,410261.0,12003.864834009999,21662.87767286001,8599339.68,20476.155638589997,inf
2005,Netherlands,E-mail,0.0,0.0,0.0,0.0,0.0,0.0,0.0,0.0,-1.0
2005,Netherlands,Fax,1987522.9100000004,2111370.68,1206492.9800000002,46612.0,3827.7475,6589.5599999999995,781029.9299999996,6214.289999999999,inf
2005,Netherlands,Mail,2395516.35,2573142.0300000007,1422454.6599999997,51171.0,6005.383333329999,11183.249999999996,973061.6900000001,10437.041833369998,0.24586991179710682
2005,Netherlands,Sales visit,1001945.4399999998,1080411.8300000003,630946.0,19783.0,3194.2999999999993,5427.959999999999,370999.43999999994,5026.405000000001,-0.6187297847477687
2005,Netherlands,Special,0.0,0.0,0.0,0.0,0.0,0.0,0.0,0.0,-1.0
2005,Netherlands,Telephone,9876577.240000002,10630008.65,5668183.420000001,204605.0,10062.66225,18355.239999999998,4208393.820000001,17247.216209620008,inf
2005,Netherlands,Web,29160097.69999999,30380177.99,17571081.78,563051.0,12105.601408530001,21847.119770670008,11589015.920000002,20718.532761590002,1.7537859847916986
2005,Singapore,E-mail,0.0,0.0,0.0,0.0,0.0,0.0,0.0,0.0,-1.0
2005,Singapore,Fax,2651128.2400000007,2807223.51,1602122.54,61598.0,3886.5899999999997,6700.0,1049005.6999999997,6311.929166669998,inf
2005,Singapore,Mail,0.0,0.0,0.0,0.0,0.0,0.0,0.0,0.0,-1.0
2005,Singapore,Sales visit,0.0,0.0,0.0,0.0,0.0,0.0,0.0,0.0,
2005,Singapore,Special,2771864.0300000003,2942453.64,1673575.4899999998,66474.0,3668.432,6360.360000000001,1098288.54,5989.393333330001,inf
2005,Singapore,Telephone,2835647.9300000006,3083933.3100000005,1635486.8400000008,85060.0,4411.03666666,8292.710000000001,1200161.0899999996,7807.711000009999,0.09275572519403652
2005,Singapore,Web,39945582.68000001,42269234.88000001,24004263.050000004,760495.0,12096.48707108,21842.090212250005,15941319.630000003,20666.83944383,12.28264993993432
2005,Spain,E-mail,0.0,0.0,0.0,0.0,0.0,0.0,0.0,0.0,-1.0
2005,Spain,Fax,350628.26,368282.91000000003,198734.59,13954.0,1451.0299999999997,2628.0199999999995,151893.66999999998,2494.2200000000003,inf
2005,Spain,Mail,872362.4299999999,934386.44,473005.41,14997.0,2487.53,4666.900000000001,399357.02,4410.64249997,1.6291880366048175
2005,Spain,Sales visit,0.0,0.0,0.0,0.0,0.0,0.0,0.0,0.0,-1.0
2005,Spain,Special,0.0,0.0,0.0,0.0,0.0,0.0,0.0,0.0,
2005,Spain,Telephone,2359650.2199999997,2588333.32,1404858.2300000002,57763.0,6870.1316666699995,12567.009999999997,954791.9900000005,11827.14119047,inf
2005,Spain,Web,35654979.20000001,37406909.53000001,21132135.09000001,725069.0,12100.296437279998,21842.422037690005,14522844.11,20730.977926800006,14.2104796249914
2005,Sweden,E-mail,2719674.2300000004,2921864.7200000007,1604616.3500000006,81385.0,7157.551000000001,12818.339999999995,1115057.8799999997,12039.340357180003,-0.6655560193637873
2005,Sweden,Fax,0.0,0.0,0.0,0.0,0.0,0.0,0.0,0.0,-1.0
2005,Sweden,Mail,0.0,0.0,0.0,0.0,0.0,0.0,0.0,0.0,
2005,Sweden,Sales visit,0.0,0.0,0.0,0.0,0.0,0.0,0.0,0.0,
2005,Sweden,Special,0.0,0.0,0.0,0.0,0.0,0.0,0.0,0.0,
2005,Sweden,Telephone,203328.24,215114.37000000002,128039.76000000001,4131.0,754.09,1291.02,75288.48000000001,1221.73,inf
2005,Sweden,Web,21043994.68,21929270.780000005,12601173.359999998,349211.0,12061.838091560003,21750.532838830008,8442821.32,20632.96989580999,111.1396171100811
2005,Switzerland,E-mail,0.0,0.0,0.0,0.0,0.0,0.0,0.0,0.0,
2005,Switzerland,Fax,748127.1399999999,748392.4299999999,440061.4099999999,15257.0,1603.06733112,2728.10310604,308065.73000000004,2727.29310604,inf
2005,Switzerland,Mail,0.0,0.0,0.0,0.0,0.0,0.0,0.0,0.0,-1.0
2005,Switzerland,Sales visit,3089023.1999999997,3303252.88,1844538.7999999993,69104.0,8785.61333333,16279.829999999994,1244484.3999999994,15298.25351277,inf
2005,Switzerland,Special,1738975.6499999992,1860230.6,964015.4900000002,29781.0,7912.5700000000015,14656.479999999996,774960.16,13883.483285740002,-0.37728415076958743
2005,Switzerland,Telephone,109161.04,114754.76,66152.53,3180.0,890.22,1519.46,43008.51,1435.48,-0.944502295447033
2005,Switzerland,Web,20601275.33999999,21390306.25,12294629.940000005,411164.0,12109.19255864,21847.128759080006,8306645.400000002,20821.250409759992,192.13957633035884
2005,United Kingdom,E-mail,697619.3500000001,737930.4800000002,426325.7899999999,16126.0,2582.5299999999993,4424.609999999999,271293.55999999994,4190.08,-0.9813271847191284
2005,United Kingdom,Fax,1011337.9500000001,1011337.9500000001,603960.9,19353.0,1323.43968649,2264.93870237,407377.05,2264.93870237,0.5016097322767266
2005,United Kingdom,Mail,0.0,0.0,0.0,0.0,0.0,0.0,0.0,0.0,-1.0
2005,United Kingdom,Sales visit,2154394.9000000004,2294319.42,1255693.8199999996,36133.0,6455.290000000002,11694.959999999995,898701.0799999995,10931.60166667,inf
2005,United Kingdom,Special,521382.36,550318.21,299665.64,20776.0,2837.47,4885.67,221716.72000000003,4620.593333340001,-0.7532920289803144
2005,United Kingdom,Telephone,4901178.429999999,5281336.539999999,2836767.33,98611.0,9903.13766667,18080.59,2064411.0999999999,16930.337379250013,8.311030309306396
2005,United Kingdom,Web,60134690.580000006,63037725.15,36011705.14999999,1240397.0,12107.59599556,21846.859612400007,24122985.430000007,20730.880274650008,10.685165532194633
2005,United States,E-mail,0.0,0.0,0.0,0.0,0.0,0.0,0.0,0.0,-1.0
2005,United States,Fax,3936317.5900000003,4164720.6199999996,2391716.6799999997,96106.0,3684.8174999999997,6423.99,1544600.9099999995,6071.606214259999,inf
2005,United States,Mail,4346724.580000001,4686488.119999999,2627825.3599999994,89146.0,7227.667000000001,12937.509999999995,1718899.2200000002,12119.909500029999,0.1128435888335717
2005,United States,Sales visit,9033233.729999997,9615987.819999998,5402991.189999999,229360.0,9883.8288889,17934.13,3630242.54,16904.978973399993,1.1119577563133687
2005,United States,Special,2301552.44,2476487.079999999,1442055.9499999993,41021.0,3713.3849999999998,6499.540000000001,859496.4900000001,6056.735000000001,-0.7632399266634124
2005,United States,Telephone,37670680.65999999,40139806.629999995,22843745.990000002,783051.0,12008.788253269999,21691.152469950004,14826934.669999998,20532.775025369992,16.25072160562284
2005,United States,Web,144173750.53999993,150325343.64000002,85364989.21999995,2803056.0,12101.96154748,21842.443462350006,58808761.320000015,20701.05990178,2.9663465597505074
2006,Australia,E-mail,429572.44,451013.19,270594.79,4302.0,1000.6999999999999,1719.3500000000001,158977.64999999997,1636.7500000000002,-0.9630139460097437
2006,Australia,Fax,0.0,0.0,0.0,0.0,0.0,0.0,0.0,0.0,-1.0
2006,Australia,Mail,0.0,0.0,0.0,0.0,0.0,0.0,0.0,0.0,
2006,Australia,Sales visit,4064132.739999999,4330210.760000001,2258355.9199999995,94708.0,7482.903333330002,14247.099999999995,1805776.8199999996,13549.42787878,inf
2006,Australia,Special,0.0,0.0,0.0,0.0,0.0,0.0,0.0,0.0,-1.0
2006,Australia,Telephone,3818981.05,4085255.3,2244434.3900000006,102430.0,5218.693833330002,9436.539999999999,1574546.6599999997,8892.08542847,inf
2006,Australia,Web,39487050.90999999,41479599.60999999,23222241.729999997,638310.0,11678.505218260001,21667.00398298001,16264809.180000005,20644.662917539998,9.329836259028365
2006,Austria,E-mail,0.0,0.0,0.0,0.0,0.0,0.0,0.0,0.0,-1.0
2006,Austria,Fax,0.0,0.0,0.0,0.0,0.0,0.0,0.0,0.0,
2006,Austria,Mail,0.0,0.0,0.0,0.0,0.0,0.0,0.0,0.0,
2006,Austria,Sales visit,7885519.740000001,8350474.639999999,4703704.090000001,166617.0,8107.865000000004,14995.799999999996,3181815.649999999,13874.879738049996,inf
2006,Austria,Special,0.0,0.0,0.0,0.0,0.0,0.0,0.0,0.0,-1.0
2006,Austria,Telephone,568716.0800000001,595940.65,320225.13,9165.0,2027.7700000000004,3870.3500000000004,248490.94999999995,3703.8850000000007,inf
2006,Austria,Web,36542501.220000006,37802215.85000001,21097229.87,627989.0,11695.462578330002,21677.827465860006,15445271.349999996,20757.940363700003,61.15627309566002
2006,Belgium,E-mail,0.0,0.0,0.0,0.0,0.0,0.0,0.0,0.0,-1.0
2006,Belgium,Fax,1564320.7299999997,1640981.3800000004,945944.3399999999,28416.0,3943.52,6886.93,618376.3900000004,6569.84166667,inf
2006,Belgium,Mail,0.0,0.0,0.0,0.0,0.0,0.0,0.0,0.0,-1.0
2006,Belgium,Sales visit,2854211.16,2999586.950000001,1717357.3199999996,48832.0,4935.590000000002,8680.099999999999,1136853.84,8271.24250007,inf
2006,Belgium,Special,0.0,0.0,0.0,0.0,0.0,0.0,0.0,0.0,-1.0
2006,Belgium,Telephone,0.0,0.0,0.0,0.0,0.0,0.0,0.0,0.0,
2006,Belgium,Web,33956900.79000001,35385740.53,19689103.830000002,584909.0,11685.078065230002,21682.27443308001,14267796.96,20700.340043299995,inf
2006,Brazil,E-mail,0.0,0.0,0.0,0.0,0.0,0.0,0.0,0.0,-1.0
2006,Brazil,Fax,0.0,0.0,0.0,0.0,0.0,0.0,0.0,0.0,
2006,Brazil,Mail,0.0,0.0,0.0,0.0,0.0,0.0,0.0,0.0,
2006,Brazil,Sales visit,0.0,0.0,0.0,0.0,0.0,0.0,0.0,0.0,
2006,Brazil,Special,0.0,0.0,0.0,0.0,0.0,0.0,0.0,0.0,
2006,Brazil,Telephone,0.0,0.0,0.0,0.0,0.0,0.0,0.0,0.0,
2006,Brazil,Web,43389953.660000004,45151584.06,25312609.319999993,732746.0,11681.180517270002,21674.53338984001,18077344.339999996,20688.39783106,inf
2006,Canada,E-mail,9279491.580000002,9585311.949999997,5392705.779999999,171951.0,10863.27341114,20227.831699800005,3886785.7999999993,19428.6642355,-0.8205692520734377
2006,Canada,Fax,0.0,0.0,0.0,0.0,0.0,0.0,0.0,0.0,-1.0
2006,Canada,Mail,562121.32,588901.64,320448.45,18355.0,2128.12,4168.01,241672.87000000002,3934.6966666700005,inf
2006,Canada,Sales visit,7344820.609999999,7706949.59,4421921.3100000005,142798.0,6652.001666670002,11903.049999999996,2922899.300000001,11351.842523799998,11.094445272239291
2006,Canada,Special,0.0,0.0,0.0,0.0,0.0,0.0,0.0,0.0,-1.0
2006,Canada,Telephone,6601207.180000003,6944723.850000006,4312017.649999999,117788.0,5636.88666667,9608.279999999997,2289189.5300000007,9158.951839489999,inf
2006,Canada,Web,74346428.69999999,77074383.60999994,42729268.479999974,1213395.0,11699.255202440001,21678.29943341001,31617160.219999995,20737.982076290005,12.811508311415343
2006,China,E-mail,0.0,0.0,0.0,0.0,0.0,0.0,0.0,0.0,-1.0
2006,China,Fax,1255181.9300000004,1343644.0799999998,633291.7500000001,11039.0,2525.27,5247.780000000001,621890.1799999999,4954.078333300001,inf
2006,China,Mail,0.0,0.0,0.0,0.0,0.0,0.0,0.0,0.0,-1.0
2006,China,Sales visit,5172707.290000003,5502906.8,2900129.4400000004,102400.0,5832.1233333300015,11408.769999999997,2272577.85,10846.404999969998,inf
2006,China,Special,0.0,0.0,0.0,0.0,0.0,0.0,0.0,0.0,-1.0
2006,China,Telephone,2653220.18,2901264.3800000004,1331155.9499999997,14972.0,3238.8616667,6922.340000000001,1322064.2299999997,6423.923332970001,inf
2006,China,Web,90028242.26999997,93987917.57999992,53121668.6,1603437.0,11688.284073360002,21669.22403714001,36906573.67000003,20661.42627377,26.91587037340844
2006,Denmark,E-mail,0.0,0.0,0.0,0.0,0.0,0.0,0.0,0.0,-1.0
2006,Denmark,Fax,175517.78,183229.66,116129.59,3530.0,413.2200000000001,661.25,59388.19,635.11,inf
2006,Denmark,Mail,0.0,0.0,0.0,0.0,0.0,0.0,0.0,0.0,-1.0
2006,Denmark,Sales visit,548512.72,573229.94,321706.14,11176.0,1821.23,3151.3399999999997,226806.58000000002,3006.77,inf
2006,Denmark,Special,0.0,0.0,0.0,0.0,0.0,0.0,0.0,0.0,-1.0
2006,Denmark,Telephone,0.0,0.0,0.0,0.0,0.0,0.0,0.0,0.0,
2006,Denmark,Web,19326435.210000005,20005235.74000001,11371436.47,363032.0,11020.48597412,20261.899623930007,7954998.739999998,19389.491263649998,inf
2006,Finland,E-mail,0.0,0.0,0.0,0.0,0.0,0.0,0.0,0.0,-1.0
2006,Finland,Fax,0.0,0.0,0.0,0.0,0.0,0.0,0.0,0.0,
2006,Finland,Mail,0.0,0.0,0.0,0.0,0.0,0.0,0.0,0.0,
2006,Finland,Sales visit,0.0,0.0,0.0,0.0,0.0,0.0,0.0,0.0,
2006,Finland,Special,0.0,0.0,0.0,0.0,0.0,0.0,0.0,0.0,
2006,Finland,Telephone,0.0,0.0,0.0,0.0,0.0,0.0,0.0,0.0,
2006,Finland,Web,59648620.03000001,62523653.26000001,34741075.66000001,1031016.0,11681.355129520001,21678.109126540006,24907544.369999997,20654.02334255,inf
2006,France,E-mail,253033.53,265051.97,152175.87000000002,4190.0,435.27000000000004,748.36,100857.66,715.64,-0.9947304733217431
2006,France,Fax,181001.79999999996,189173.0,103466.04999999999,1981.0,1038.75,1841.7299999999998,77535.75,1753.59,-0.23123588233159487
2006,France,Mail,0.0,0.0,0.0,0.0,0.0,0.0,0.0,0.0,-1.0
2006,France,Sales visit,4397279.540000002,4679266.13,2664105.3900000006,91489.0,9172.44583333,17093.28,1733174.1499999997,16208.543666599999,inf
2006,France,Special,0.0,0.0,0.0,0.0,0.0,0.0,0.0,0.0,-1.0
2006,France,Telephone,3592770.71,3770935.4000000013,2109350.2699999996,79985.0,8284.07666667,15361.599999999997,1483420.4399999995,14624.929499960002,inf
2006,France,Web,74651835.53999999,77509382.25999998,43457774.20999999,1250600.0,11683.687841400002,21675.58931327001,31194061.33000002,20701.344565209994,20.0284694000846
2006,Germany,E-mail,5821850.439999999,6196207.710000001,3429411.830000001,93438.0,8294.134166629998,15781.829999999996,2392438.6099999994,14973.95251165,-0.8750257932095089
2006,Germany,Fax,118768.81000000001,122820.94,72359.18000000001,5663.0,199.11,338.16,46409.630000000005,327.7,-0.9806015377757175
2006,Germany,Mail,2329152.8700000006,2457660.8000000003,1342015.9299999997,40115.0,7877.690000000001,15187.979999999996,987136.9400000005,14443.983833300003,20.27008855705164
2006,Germany,Sales visit,35085.979999999996,36448.03,17838.4,543.0,93.35,189.77,17247.58,181.42000000000002,-0.9825276724017642
2006,Germany,Special,0.0,0.0,0.0,0.0,0.0,0.0,0.0,0.0,-1.0
2006,Germany,Telephone,1990376.5700000003,2071510.4600000002,1141949.3000000005,41154.0,5324.850000000003,9361.39,848427.2700000001,9046.923530339998,inf
2006,Germany,Web,67818551.86999997,70652281.56000002,39560659.300000004,1181420.0,11680.023729069999,21673.058759640004,28257892.569999997,20662.061738239998,32.30620498560825
2006,Italy,E-mail,5244670.509999999,5609820.030000001,2996740.3599999994,72082.0,7313.789999969999,14063.229999999996,2247930.1500000004,13270.62304796,-0.841222322806517
2006,Italy,Fax,516317.47000000003,541629.1599999999,302973.46,6341.0,838.5699999999999,1539.47,213344.01,1470.03,-0.9050931320085724
2006,Italy,Mail,0.0,0.0,0.0,0.0,0.0,0.0,0.0,0.0,-1.0
2006,Italy,Sales visit,0.0,0.0,0.0,0.0,0.0,0.0,0.0,0.0,
2006,Italy,Special,0.0,0.0,0.0,0.0,0.0,0.0,0.0,0.0,
2006,Italy,Telephone,2160733.5000000005,2304220.1199999996,1320660.7800000003,47453.0,3056.75333333,5565.85,840072.7199999999,5290.78416667,inf
2006,Italy,Web,53947327.919999994,56263186.21000001,31395044.820000015,960580.0,11684.74912549,21681.856350650003,22552283.10000001,20677.71737271999,25.84563200671486
2006,Japan,E-mail,1637548.86,1752677.4300000004,1003618.7799999999,51836.0,3654.69,6485.46,633930.0800000004,6104.9658571400005,-0.9780784510429458
2006,Japan,Fax,0.0,0.0,0.0,0.0,0.0,0.0,0.0,0.0,-1.0
2006,Japan,Mail,2178436.189999999,2333790.0399999996,1280637.4300000002,43237.0,6134.62,11620.119999999997,897798.7599999998,11032.533333339998,inf
2006,Japan,Sales visit,1760998.84,1849432.52,1021994.0299999999,30088.0,3941.7960000000003,7482.440000000001,739004.8100000002,7152.936333369999,-0.1768703155704956
2006,Japan,Special,0.0,0.0,0.0,0.0,0.0,0.0,0.0,0.0,-1.0
2006,Japan,Telephone,2820749.2199999993,2958514.6399999997,1502903.9499999995,28480.0,6528.660000000002,12824.029999999995,1317845.27,12249.410388920001,inf
2006,Japan,Web,103739281.69000001,107723521.10000001,60505305.88999997,1779612.0,11678.560800340001,21672.239660070005,43233975.79999999,20666.70118250999,31.806564461091845
2006,Korea,E-mail,0.0,0.0,0.0,0.0,0.0,0.0,0.0,0.0,-1.0
2006,Korea,Fax,3381359.76,3566581.02,2041911.1,67136.0,4100.719999999999,7277.02,1339448.6600000001,6944.214999959999,inf
2006,Korea,Mail,0.0,0.0,0.0,0.0,0.0,0.0,0.0,0.0,-1.0
2006,Korea,Sales visit,0.0,0.0,0.0,0.0,0.0,0.0,0.0,0.0,
2006,Korea,Special,0.0,0.0,0.0,0.0,0.0,0.0,0.0,0.0,
2006,Korea,Telephone,643831.2899999999,674107.39,398356.79999999993,13116.0,2510.2599999999998,4446.93,245474.49000000002,4240.490000000001,inf
2006,Korea,Web,56689022.11,59637764.43,33134071.630000006,980457.0,11680.860705840001,21676.231704810005,23554950.480000004,20635.301361029997,94.95681604226982
2006,Mexico,E-mail,0.0,0.0,0.0,0.0,0.0,0.0,0.0,0.0,-1.0
2006,Mexico,Fax,0.0,0.0,0.0,0.0,0.0,0.0,0.0,0.0,
2006,Mexico,Mail,0.0,0.0,0.0,0.0,0.0,0.0,0.0,0.0,
2006,Mexico,Sales visit,7046512.469999997,7468940.56,4214381.399999999,151028.0,9353.205000000002,17697.43,2832131.0699999994,16636.011059489996,inf
2006,Mexico,Special,0.0,0.0,0.0,0.0,0.0,0.0,0.0,0.0,-1.0
2006,Mexico,Telephone,0.0,0.0,0.0,0.0,0.0,0.0,0.0,0.0,
2006,Mexico,Web,51557752.24000001,54379395.150000006,30064270.920000006,859218.0,11690.27709345,21686.905950680004,21493481.32,20674.661276389994,inf
2006,Netherlands,E-mail,0.0,0.0,0.0,0.0,0.0,0.0,0.0,0.0,-1.0
2006,Netherlands,Fax,0.0,0.0,0.0,0.0,0.0,0.0,0.0,0.0,
2006,Netherlands,Mail,616014.57,637292.06,336752.38999999996,7764.0,891.7700000000001,1789.44,279262.18,1730.3413527799999,inf
2006,Netherlands,Sales visit,7264892.44,7663783.789999998,4238011.580000002,113840.0,9178.53833334,17331.050000000003,3026880.8599999994,16295.311928490004,9.838849929482036
2006,Netherlands,Special,0.0,0.0,0.0,0.0,0.0,0.0,0.0,0.0,-1.0
2006,Netherlands,Telephone,113695.92,119114.44,67564.47,928.0,643.27,1246.7900000000002,46131.45,1186.55,inf
2006,Netherlands,Web,50307165.02000001,52571100.15,29260670.55999999,879243.0,11685.45112076,21677.611999610006,21046494.460000005,20685.436011079997,455.22876497487084
2006,Singapore,E-mail,0.0,0.0,0.0,0.0,0.0,0.0,0.0,0.0,-1.0
2006,Singapore,Fax,533098.46,556629.69,305046.58,12439.0,1052.0900000000004,1975.3200000000002,228051.87999999998,1898.8425,inf
2006,Singapore,Mail,761688.62,800765.2600000001,370073.75,5058.0,2941.1000000000004,6266.89,391614.87000000005,5956.820000000001,0.7172183364592306
2006,Singapore,Sales visit,587848.67,632359.29,321950.73,17226.0,1495.4300000000003,2789.1400000000003,265897.94,2622.965,-0.3210218498597871
2006,Singapore,Special,899857.3099999998,943970.28,584003.87,11521.0,2012.29,3413.03,315853.44000000006,3254.41,0.18787471614108808
2006,Singapore,Telephone,596877.9199999999,627697.15,299916.47000000003,1833.0,3028.09,6333.280000000001,296961.45,6021.860000000001,-0.059812519376075346
2006,Singapore,Web,57563531.93999999,60161220.26999999,33758258.55000001,1003461.0,11679.24464239,21678.433108450005,23805273.389999993,20634.65069072,79.16284063133445
2006,Spain,E-mail,0.0,0.0,0.0,0.0,0.0,0.0,0.0,0.0,-1.0
2006,Spain,Fax,1966834.0200000003,2083646.0799999998,1090738.4200000002,37641.0,5092.775,10069.739999999996,876095.6000000001,9569.406500000003,inf
2006,Spain,Mail,0.0,0.0,0.0,0.0,0.0,0.0,0.0,0.0,-1.0
2006,Spain,Sales visit,382587.85,400503.29,232250.6,11272.0,877.29,1474.9299999999998,150337.25,1406.2200000000003,inf
2006,Spain,Special,0.0,0.0,0.0,0.0,0.0,0.0,0.0,0.0,-1.0
2006,Spain,Telephone,3386297.74,3546096.1599999997,2024478.6300000004,50493.0,6024.960000000002,11129.099999999999,1361819.1099999999,10640.47000003,inf
2006,Spain,Web,50110513.36,52357300.67999999,29188201.64,880744.0,11688.851958220002,21683.45765725001,20922311.720000003,20695.135237240003,14.36350280765263
2006,Sweden,E-mail,717375.15,762400.9600000002,428376.35,10002.0,1903.7900000000002,3480.2099999999996,288998.79999999993,3257.510000000001,-0.9657698784510105
2006,Sweden,Fax,0.0,0.0,0.0,0.0,0.0,0.0,0.0,0.0,-1.0
2006,Sweden,Mail,0.0,0.0,0.0,0.0,0.0,0.0,0.0,0.0,
2006,Sweden,Sales visit,2502078.8800000004,2668935.4400000004,1480473.6000000006,32528.0,7398.9800000000005,13797.939999999995,1021605.28,13095.771666669998,inf
2006,Sweden,Special,0.0,0.0,0.0,0.0,0.0,0.0,0.0,0.0,-1.0
2006,Sweden,Telephone,4459106.569999999,4680280.999999999,2659121.4599999995,106043.0,5688.540000000002,9941.36,1799985.1099999996,9496.312,inf
2006,Sweden,Web,22681966.450000007,23402114.459999997,13018963.230000002,366948.0,11509.966740230002,21317.915689860005,9663003.219999999,20361.715804639996,4.368379530650674
2006,Switzerland,E-mail,313693.66,329725.17,157899.31,1065.0,2618.09,5423.38,155794.35,5161.76,-0.9812446128975242
2006,Switzerland,Fax,0.0,0.0,0.0,0.0,0.0,0.0,0.0,0.0,-1.0
2006,Switzerland,Mail,0.0,0.0,0.0,0.0,0.0,0.0,0.0,0.0,
2006,Switzerland,Sales visit,6529508.380000001,6929559.73,3739918.1599999997,118871.0,8408.09650004,16063.989999999996,2789590.22,15213.100519390007,inf
2006,Switzerland,Special,0.0,0.0,0.0,0.0,0.0,0.0,0.0,0.0,-1.0
2006,Switzerland,Telephone,0.0,0.0,0.0,0.0,0.0,0.0,0.0,0.0,
2006,Switzerland,Web,34620404.4,35755737.160000004,20197438.53,597173.0,11686.219766260003,21678.08592531001,14422965.869999997,20701.695917490004,inf
2006,United Kingdom,E-mail,0.0,0.0,0.0,0.0,0.0,0.0,0.0,0.0,-1.0
2006,United Kingdom,Fax,0.0,0.0,0.0,0.0,0.0,0.0,0.0,0.0,
2006,United Kingdom,Mail,458316.87,479287.43,270156.16000000003,5090.0,1827.4,3228.0199999999995,188160.71000000002,3082.61,inf
2006,United Kingdom,Sales visit,4344360.35,4566349.96,2601261.8500000006,87313.0,6888.225000000001,12437.299999999997,1743098.5000000007,11872.271888950001,8.26388139160402
2006,United Kingdom,Special,0.0,0.0,0.0,0.0,0.0,0.0,0.0,0.0,-1.0
2006,United Kingdom,Telephone,0.0,0.0,0.0,0.0,0.0,0.0,0.0,0.0,
2006,United Kingdom,Web,80118148.45,83428683.05000003,46630392.03000001,1399852.0,11681.526283410003,21672.576414850006,33487756.42000002,20679.401890009998,inf
2006,United States,E-mail,3806.4,4904.4,3308.64,183.0,18.08,26.8,497.76,20.8,-0.9999915359550375
2006,United States,Fax,3753159.1700000004,3967284.3600000017,2215872.139999999,75048.0,9018.631,16965.24,1537287.0299999996,16212.776833690003,3087.410137415621
2006,United States,Mail,0.0,0.0,0.0,0.0,0.0,0.0,0.0,0.0,-1.0
2006,United States,Sales visit,11197594.720000003,11808929.319999997,6655847.979999997,190739.0,8168.054166670001,14864.789999999997,4541746.739999996,14164.597686940004,inf
2006,United States,Special,106242.7,111349.8,60637.68000000001,2101.0,218.41,401.58,45605.02,383.38,-0.9899587047427484
2006,United States,Telephone,3793278.8699999987,4005900.0999999996,2465293.0200000005,70827.0,5436.690912690002,9292.842507949996,1327985.85,8891.4666587,28.119291034188784
2006,United States,Web,239182538.98999995,248527685.85,139238916.97000006,4119989.0,11678.398277290005,21672.157138720006,99943622.02,20674.453044609996,74.25955342069344
2007,Australia,E-mail,0.0,0.0,0.0,0.0,0.0,0.0,0.0,0.0,-1.0
2007,Australia,Fax,0.0,0.0,0.0,0.0,0.0,0.0,0.0,0.0,
2007,Australia,Mail,0.0,0.0,0.0,0.0,0.0,0.0,0.0,0.0,
2007,Australia,Sales visit,763046.14,798511.6399999999,442330.62,21327.0,1958.0600000000002,3710.67,320715.52,3544.0600000000004,inf
2007,Australia,Special,0.0,0.0,0.0,0.0,0.0,0.0,0.0,0.0,-1.0
2007,Australia,Telephone,2350435.31,2492527.2100000004,1462299.2899999998,43738.0,4539.040000000002,7739.82,888136.02,7342.440000000001,inf
2007,Australia,Web,32779707.049999997,34641778.17,19106710.049999986,573780.0,11514.22649539,21405.080391200012,13672997.000000004,20320.839070100003,14.395160979958908
2007,Austria,E-mail,0.0,0.0,0.0,0.0,0.0,0.0,0.0,0.0,-1.0
2007,Austria,Fax,0.0,0.0,0.0,0.0,0.0,0.0,0.0,0.0,
2007,Austria,Mail,0.0,0.0,0.0,0.0,0.0,0.0,0.0,0.0,
2007,Austria,Sales visit,3662004.1500000004,3864341.1600000006,2185751.5999999996,85687.0,6416.205000000004,11203.17,1476252.55,10672.38742864,inf
2007,Austria,Special,0.0,0.0,0.0,0.0,0.0,0.0,0.0,0.0,-1.0
2007,Austria,Telephone,0.0,0.0,0.0,0.0,0.0,0.0,0.0,0.0,
2007,Austria,Web,30139784.830000002,31444097.910000008,17422075.42,510614.0,11521.741050440005,21417.92793733001,12717709.409999998,20396.374001449996,inf
2007,Belgium,E-mail,0.0,0.0,0.0,0.0,0.0,0.0,0.0,0.0,-1.0
2007,Belgium,Fax,722236.5900000001,761736.86,440237.18,22737.0,2261.8900000000003,3952.48,281999.41,3769.7900000000004,inf
2007,Belgium,Mail,0.0,0.0,0.0,0.0,0.0,0.0,0.0,0.0,-1.0
2007,Belgium,Sales visit,0.0,0.0,0.0,0.0,0.0,0.0,0.0,0.0,
2007,Belgium,Special,0.0,0.0,0.0,0.0,0.0,0.0,0.0,0.0,
2007,Belgium,Telephone,0.0,0.0,0.0,0.0,0.0,0.0,0.0,0.0,
2007,Belgium,Web,27464603.150000006,28766288.270000007,16046381.679999998,478433.0,11494.08137468,21364.23568697001,11418221.47,20353.876528119992,inf
2007,Brazil,E-mail,330436.43,351199.44999999995,222842.95,2625.0,1118.32,1816.76,107593.48000000001,1701.94,-0.9940481589565163
2007,Brazil,Fax,0.0,0.0,0.0,0.0,0.0,0.0,0.0,0.0,-1.0
2007,Brazil,Mail,0.0,0.0,0.0,0.0,0.0,0.0,0.0,0.0,
2007,Brazil,Sales visit,0.0,0.0,0.0,0.0,0.0,0.0,0.0,0.0,
2007,Brazil,Special,0.0,0.0,0.0,0.0,0.0,0.0,0.0,0.0,
2007,Brazil,Telephone,0.0,0.0,0.0,0.0,0.0,0.0,0.0,0.0,
2007,Brazil,Web,31110405.050000004,32562875.22000001,18097146.26,533438.0,11508.772705030002,21392.69412541001,13013258.790000005,20350.86921134,inf
2007,Canada,E-mail,6426648.36,6677193.170000001,3810990.5999999996,143589.0,6120.844294780003,10580.959723269998,2615657.76,10174.050389899996,-0.917270945847141
2007,Canada,Fax,0.0,0.0,0.0,0.0,0.0,0.0,0.0,0.0,-1.0
2007,Canada,Mail,0.0,0.0,0.0,0.0,0.0,0.0,0.0,0.0,
2007,Canada,Sales visit,0.0,0.0,0.0,0.0,0.0,0.0,0.0,0.0,
2007,Canada,Special,0.0,0.0,0.0,0.0,0.0,0.0,0.0,0.0,
2007,Canada,Telephone,3876034.9999999995,4059568.910000001,2449484.9699999997,81753.0,4435.580000000001,7404.08,1426550.0299999998,7068.946666669998,inf
2007,Canada,Web,63022526.03000003,65804142.07,36588462.71000001,1029854.0,11537.494350650002,21421.44963816001,26434063.319999997,20453.285100890003,17.53006397539384
2007,China,E-mail,0.0,0.0,0.0,0.0,0.0,0.0,0.0,0.0,-1.0
2007,China,Fax,0.0,0.0,0.0,0.0,0.0,0.0,0.0,0.0,
2007,China,Mail,0.0,0.0,0.0,0.0,0.0,0.0,0.0,0.0,
2007,China,Sales visit,0.0,0.0,0.0,0.0,0.0,0.0,0.0,0.0,
2007,China,Special,0.0,0.0,0.0,0.0,0.0,0.0,0.0,0.0,
2007,China,Telephone,0.0,0.0,0.0,0.0,0.0,0.0,0.0,0.0,
2007,China,Web,70633377.06000002,74282153.90000002,41241716.83000001,1254337.0,11528.93790463,21416.61116143001,29391660.22999998,20357.457790229997,inf
2007,Denmark,E-mail,0.0,0.0,0.0,0.0,0.0,0.0,0.0,0.0,-1.0
2007,Denmark,Fax,0.0,0.0,0.0,0.0,0.0,0.0,0.0,0.0,
2007,Denmark,Mail,0.0,0.0,0.0,0.0,0.0,0.0,0.0,0.0,
2007,Denmark,Sales visit,0.0,0.0,0.0,0.0,0.0,0.0,0.0,0.0,
2007,Denmark,Special,0.0,0.0,0.0,0.0,0.0,0.0,0.0,0.0,
2007,Denmark,Telephone,0.0,0.0,0.0,0.0,0.0,0.0,0.0,0.0,
2007,Denmark,Web,11954799.659999995,12369675.739999995,6983326.800000001,233173.0,8856.92350048,15991.631500609996,4971472.859999999,15270.95994905,inf
2007,Finland,E-mail,0.0,0.0,0.0,0.0,0.0,0.0,0.0,0.0,-1.0
2007,Finland,Fax,0.0,0.0,0.0,0.0,0.0,0.0,0.0,0.0,
2007,Finland,Mail,0.0,0.0,0.0,0.0,0.0,0.0,0.0,0.0,
2007,Finland,Sales visit,0.0,0.0,0.0,0.0,0.0,0.0,0.0,0.0,
2007,Finland,Special,0.0,0.0,0.0,0.0,0.0,0.0,0.0,0.0,
2007,Finland,Telephone,0.0,0.0,0.0,0.0,0.0,0.0,0.0,0.0,
2007,Finland,Web,44746715.93999998,47226849.74999999,26229224.050000004,783549.0,11522.78202842,21413.517311890013,18517491.89,20342.96059592,inf
2007,France,E-mail,0.0,0.0,0.0,0.0,0.0,0.0,0.0,0.0,-1.0
2007,France,Fax,0.0,0.0,0.0,0.0,0.0,0.0,0.0,0.0,
2007,France,Mail,0.0,0.0,0.0,0.0,0.0,0.0,0.0,0.0,
2007,France,Sales visit,7897331.300000001,8450817.470000003,4753265.18,131354.0,9223.66499997,17182.350000000002,3144066.119999999,16230.272499659999,inf
2007,France,Special,0.0,0.0,0.0,0.0,0.0,0.0,0.0,0.0,-1.0
2007,France,Telephone,82628.40000000001,82628.40000000001,48768.61,1579.0,410.70000000000005,733.0,33859.79,733.0,inf
2007,France,Web,56229936.37,58700968.47,32607374.080000006,1005324.0,11504.22945097,21387.42098239001,23622562.28999999,20331.279003089992,696.6582633855671
2007,Germany,E-mail,2581074.9299999997,2800698.44,1484840.8099999998,41961.0,6790.3666666300005,13181.449999999997,1096234.12,12347.396666300001,-0.9612060907484723
2007,Germany,Fax,0.0,0.0,0.0,0.0,0.0,0.0,0.0,0.0,-1.0
2007,Germany,Mail,0.0,0.0,0.0,0.0,0.0,0.0,0.0,0.0,
2007,Germany,Sales visit,1952994.4,2055611.3599999999,1201982.2500000005,39584.0,4018.7399999999993,6773.629999999999,751012.1500000001,6446.2699999999995,inf
2007,Germany,Special,0.0,0.0,0.0,0.0,0.0,0.0,0.0,0.0,-1.0
2007,Germany,Telephone,3333834.6399999997,3544251.97,2027587.2000000002,63727.0,8116.353333330003,14811.345,1306247.4400000004,13716.160000000002,inf
2007,Germany,Web,49553927.539999984,51881669.97999999,28817136.67,878396.0,11530.965430630002,21424.453835770015,20736790.869999994,20395.233966499996,14.875086323614143
2007,Italy,E-mail,1758472.1300000001,1874893.6,1054285.3900000001,28612.0,3191.05333333,6124.52,704186.7399999999,5785.766666670001,-0.9687753680247123
2007,Italy,Fax,0.0,0.0,0.0,0.0,0.0,0.0,0.0,0.0,-1.0
2007,Italy,Mail,0.0,0.0,0.0,0.0,0.0,0.0,0.0,0.0,
2007,Italy,Sales visit,1832311.22,1939849.3499999996,998385.8200000001,16519.0,3533.1000000000004,6949.6,833925.4000000003,6604.250000000001,inf
2007,Italy,Special,0.0,0.0,0.0,0.0,0.0,0.0,0.0,0.0,-1.0
2007,Italy,Telephone,1767276.9000000001,1931187.0699999996,1053264.4800000004,27985.0,2901.4199999999987,5477.730000000001,714012.4199999998,5194.424999999999,inf
2007,Italy,Web,41267738.31000002,43255179.36000001,24060034.639999997,745961.0,11513.585907389997,21411.715411970006,17207703.670000006,20283.70390997,23.10000608952994
2007,Japan,E-mail,3011645.4700000007,3215422.08,1497939.72,23100.0,3782.785,8053.930000000001,1513705.7499999998,7639.320333370002,-0.964988051133618
2007,Japan,Fax,0.0,0.0,0.0,0.0,0.0,0.0,0.0,0.0,-1.0
2007,Japan,Mail,0.0,0.0,0.0,0.0,0.0,0.0,0.0,0.0,
2007,Japan,Sales visit,7897988.790000001,8509284.48,4698642.169999998,122625.0,8556.65833333,16143.219999999996,3199346.6199999982,15002.342166530003,inf
2007,Japan,Special,0.0,0.0,0.0,0.0,0.0,0.0,0.0,0.0,-1.0
2007,Japan,Telephone,2415353.1600000006,2532508.950000001,1366027.4799999995,30753.0,4296.05285714,8186.060000000002,1049325.6799999997,7764.13452383,inf
2007,Japan,Web,69863266.73999996,72611394.19,40799846.67000002,1278528.0,11513.195025250003,21409.03987287001,29063420.070000008,20298.599601809994,26.697235113887633
2007,Korea,E-mail,0.0,0.0,0.0,0.0,0.0,0.0,0.0,0.0,-1.0
2007,Korea,Fax,0.0,0.0,0.0,0.0,0.0,0.0,0.0,0.0,
2007,Korea,Mail,0.0,0.0,0.0,0.0,0.0,0.0,0.0,0.0,
2007,Korea,Sales visit,1395420.5399999998,1507828.1800000002,758364.17,10081.0,4615.035,9464.189999999997,637056.37,8776.14,inf
2007,Korea,Special,0.0,0.0,0.0,0.0,0.0,0.0,0.0,0.0,-1.0
2007,Korea,Telephone,0.0,0.0,0.0,0.0,0.0,0.0,0.0,0.0,
2007,Korea,Web,45619525.81000002,48184732.53999999,26774785.91,810081.0,11536.247793210001,21431.93896142001,18844739.89999999,20361.271408020006,inf
2007,Mexico,E-mail,0.0,0.0,0.0,0.0,0.0,0.0,0.0,0.0,-1.0
2007,Mexico,Fax,0.0,0.0,0.0,0.0,0.0,0.0,0.0,0.0,
2007,Mexico,Mail,0.0,0.0,0.0,0.0,0.0,0.0,0.0,0.0,
2007,Mexico,Sales visit,0.0,0.0,0.0,0.0,0.0,0.0,0.0,0.0,
2007,Mexico,Special,0.0,0.0,0.0,0.0,0.0,0.0,0.0,0.0,
2007,Mexico,Telephone,0.0,0.0,0.0,0.0,0.0,0.0,0.0,0.0,
2007,Mexico,Web,38401768.34,40679991.74000001,22535270.08,674947.0,11532.39649346,21430.001974790008,15866498.26,20356.43335365,inf
2007,Netherlands,E-mail,0.0,0.0,0.0,0.0,0.0,0.0,0.0,0.0,-1.0
2007,Netherlands,Fax,0.0,0.0,0.0,0.0,0.0,0.0,0.0,0.0,
2007,Netherlands,Mail,404978.52999999997,422064.95000000007,214309.58,5066.0,647.77,1324.42,190668.94999999998,1270.7066666699998,inf
2007,Netherlands,Sales visit,829420.28,911571.62,507499.76999999996,9663.0,2664.49,5083.110000000001,321920.5100000001,4450.950000000001,0.6883740640518561
2007,Netherlands,Special,0.0,0.0,0.0,0.0,0.0,0.0,0.0,0.0,-1.0
2007,Netherlands,Telephone,0.0,0.0,0.0,0.0,0.0,0.0,0.0,0.0,
2007,Netherlands,Web,44978569.23999999,47218877.14000001,26370730.830000002,785678.0,11526.77664592,21420.257053310008,18607838.409999996,20338.892376609994,inf
2007,Singapore,E-mail,0.0,0.0,0.0,0.0,0.0,0.0,0.0,0.0,-1.0
2007,Singapore,Fax,1435574.3700000003,1507095.3299999998,863064.97,17621.0,1309.3400000000004,2249.36,572509.4,2145.53,inf
2007,Singapore,Mail,0.0,0.0,0.0,0.0,0.0,0.0,0.0,0.0,-1.0
2007,Singapore,Sales visit,834342.73,917115.2000000001,519220.52999999997,19570.0,1082.83,1845.2100000000003,315122.20000000007,1746.6750000000004,inf
2007,Singapore,Special,1670121.1500000001,1766614.8800000001,1043585.11,30730.0,2635.89,4477.99,626536.0399999998,4254.929999999999,0.9882319938106541
2007,Singapore,Telephone,0.0,0.0,0.0,0.0,0.0,0.0,0.0,0.0,-1.0
2007,Singapore,Web,43174650.09999998,45277205.24999998,25066643.230000008,755923.0,11503.43823612,21383.402355440005,18108006.870000005,20305.406771339996,inf
2007,Spain,E-mail,0.0,0.0,0.0,0.0,0.0,0.0,0.0,0.0,-1.0
2007,Spain,Fax,3256369.8499999996,3478548.38,1808181.4000000001,40985.0,5967.209999999999,11812.449999999997,1448188.45,11227.30333333,inf
2007,Spain,Mail,0.0,0.0,0.0,0.0,0.0,0.0,0.0,0.0,-1.0
2007,Spain,Sales visit,2950106.5700000003,3135236.4799999995,1739688.83,64483.0,3301.19,5562.57,1210417.74,5312.2425,inf
2007,Spain,Special,0.0,0.0,0.0,0.0,0.0,0.0,0.0,0.0,-1.0
2007,Spain,Telephone,0.0,0.0,0.0,0.0,0.0,0.0,0.0,0.0,
2007,Spain,Web,35473439.239999995,37279006.089999996,20742910.609999996,630549.0,11495.46969239,21378.36903765001,14730528.63000001,20319.74220362,inf
2007,Sweden,E-mail,443780.08,491696.58,245604.70999999996,5958.0,1297.3100000000002,2399.0499999999993,198175.37000000002,2230.6549999999993,-0.9794913273349815
2007,Sweden,Fax,0.0,0.0,0.0,0.0,0.0,0.0,0.0,0.0,-1.0
2007,Sweden,Mail,0.0,0.0,0.0,0.0,0.0,0.0,0.0,0.0,
2007,Sweden,Sales visit,1703694.0700000005,1881405.1899999997,1007679.6099999996,21083.0,5609.820000000001,10520.539999999995,696014.4600000002,9619.005000000001,inf
2007,Sweden,Special,0.0,0.0,0.0,0.0,0.0,0.0,0.0,0.0,-1.0
2007,Sweden,Telephone,3420420.0100000002,3593519.05,2107378.3400000003,73789.0,5917.5700000000015,10673.14,1313041.6700000002,10211.056999999999,inf
2007,Sweden,Web,20740106.900000002,21534605.91000001,11948721.709999997,352518.0,11452.201414330002,21306.35425518001,8791385.190000003,20291.448395589992,5.695435027587512
2007,Switzerland,E-mail,0.0,0.0,0.0,0.0,0.0,0.0,0.0,0.0,-1.0
2007,Switzerland,Fax,469028.5299999999,509967.53,237133.79999999996,2866.0,3620.035,7749.830000000001,231894.72999999998,7106.380000000001,inf
2007,Switzerland,Mail,0.0,0.0,0.0,0.0,0.0,0.0,0.0,0.0,-1.0
2007,Switzerland,Sales visit,1409224.5200000005,1556596.03,843030.61,25890.0,4084.2850000000003,8062.500000000001,566193.9100000001,7318.675000000001,inf
2007,Switzerland,Special,0.0,0.0,0.0,0.0,0.0,0.0,0.0,0.0,-1.0
2007,Switzerland,Telephone,0.0,0.0,0.0,0.0,0.0,0.0,0.0,0.0,
2007,Switzerland,Web,31103453.650000006,32392153.599999998,18071041.19,547840.0,11532.097677060001,21417.44989398001,13032412.459999999,20417.347520069994,inf
2007,United Kingdom,E-mail,1258212.4199999995,1329157.25,780312.8500000001,18637.0,3270.2399999999993,5578.09,477899.57000000007,5315.339999999999,-0.9857291254748084
2007,United Kingdom,Fax,268194.77999999997,281912.34,131813.55,1930.0,1590.3700000000003,3367.02,136381.23,3199.3699999999994,-0.7146236603644569
2007,United Kingdom,Mail,0.0,0.0,0.0,0.0,0.0,0.0,0.0,0.0,-1.0
2007,United Kingdom,Sales visit,3847237.4400000013,4158573.38,2345351.3699999996,69602.0,7955.966666700003,14810.919999999993,1501886.0700000005,13703.121833669997,inf
2007,United Kingdom,Special,0.0,0.0,0.0,0.0,0.0,0.0,0.0,0.0,-1.0
2007,United Kingdom,Telephone,586090.39,615289.64,369987.89,13057.0,1631.04,2691.1699999999996,216102.50000000003,2566.09,inf
2007,United Kingdom,Web,58921923.35000001,61616233.47,34249513.59,1024055.0,11509.381931930004,21389.028904810017,24672409.760000005,20354.193074359995,113.16994139355168
2007,United States,E-mail,610049.1300000001,651742.14,351420.7,14280.0,3722.080000000001,7025.18,258628.43,6685.770000000001,-0.9974122567826464
2007,United States,Fax,1940918.06,2053689.8700000003,1118280.7900000003,29849.0,3970.3599999999997,7408.32,822637.2699999998,7049.344999999999,2.1807689123736314
2007,United States,Mail,0.0,0.0,0.0,0.0,0.0,0.0,0.0,0.0,-1.0
2007,United States,Sales visit,18506814.000000007,19680825.66,10997747.410000004,345470.0,8646.52298412,15878.279999999999,7509066.590000001,15052.465564229997,inf
2007,United States,Special,0.0,0.0,0.0,0.0,0.0,0.0,0.0,0.0,-1.0
2007,United States,Telephone,0.0,0.0,0.0,0.0,0.0,0.0,0.0,0.0,
2007,United States,Web,170254298.94000006,177828318.04000002,99115816.75999998,2959043.0,11518.338572810002,21406.11310436001,71138482.18000002,20334.517410599998,inf
